Path,Name,name_cfg,name_png,BezelPath
./galaxianiii.zip,Galaxian,galaxianiii.cfg,galaxianiii.png,/base/path/galaxianiii.cfg
./1943.zip,Galaxian,1943.cfg,1943.png,/base/path/1943.cfg
./cotton.zip,Galaxian,cotton.cfg,cotton.png,/base/path/cotton.cfg
./ryorioh.zip,Galaxian,ryorioh.cfg,ryorioh.png,/base/path/ryorioh.cfg
./janshin.zip,Galaxian,janshin.cfg,janshin.png,/base/path/janshin.cfg
./megrescu.zip,Galaxian,megrescu.cfg,megrescu.png,/base/path/megrescu.cfg
./nbbatman.zip,Galaxian,nbbatman.cfg,nbbatman.png,/base/path/nbbatman.cfg
./pitfall2.zip,Galaxian,pitfall2.cfg,pitfall2.png,/base/path/pitfall2.cfg
./svcpcb.zip,Galaxian,svcpcb.cfg,svcpcb.png,/base/path/svcpcb.cfg
./sf2hf.zip,Galaxian,sf2hf.cfg,sf2hf.png,/base/path/sf2hf.cfg
./srdarwin.zip,Galaxian,srdarwin.cfg,srdarwin.png,/base/path/srdarwin.cfg
./esb.zip,Galaxian,esb.cfg,esb.png,/base/path/esb.cfg
./wschamp.zip,Galaxian,wschamp.cfg,wschamp.png,/base/path/wschamp.cfg
./flagrall.zip,Galaxian,flagrall.cfg,flagrall.png,/base/path/flagrall.cfg
./progolf.zip,Galaxian,progolf.cfg,progolf.png,/base/path/progolf.cfg
./1942.zip,Galaxian,1942.cfg,1942.png,/base/path/1942.cfg
./1943mii.zip,Galaxian,1943mii.cfg,1943mii.png,/base/path/1943mii.cfg
./1945kiii.zip,Galaxian,1945kiii.cfg,1945kiii.png,/base/path/1945kiii.cfg
./19xx.zip,Galaxian,19xx.cfg,19xx.png,/base/path/19xx.cfg
./2020bb.zip,Galaxian,2020bb.cfg,2020bb.png,/base/path/2020bb.cfg
./3on3dunk.zip,Galaxian,3on3dunk.cfg,3on3dunk.png,/base/path/3on3dunk.cfg
./3x3puzzl.zip,Galaxian,3x3puzzl.cfg,3x3puzzl.png,/base/path/3x3puzzl.cfg
./4in1.zip,Galaxian,4in1.cfg,4in1.png,/base/path/4in1.cfg
./64street.zip,Galaxian,64street.cfg,64street.png,/base/path/64street.cfg
./8ballact.zip,Galaxian,8ballact.cfg,8ballact.png,/base/path/8ballact.cfg
./ad2083.zip,Galaxian,ad2083.cfg,ad2083.png,/base/path/ad2083.cfg
./aceattac.zip,Galaxian,aceattac.cfg,aceattac.png,/base/path/aceattac.cfg
./dogfgt.zip,Galaxian,dogfgt.cfg,dogfgt.png,/base/path/dogfgt.cfg
./afighter.zip,Galaxian,afighter.cfg,afighter.png,/base/path/afighter.cfg
./hatena.zip,Galaxian,hatena.cfg,hatena.png,/base/path/hatena.cfg
./aerofgt.zip,Galaxian,aerofgt.cfg,aerofgt.png,/base/path/aerofgt.cfg
./sonicwi3.zip,Galaxian,sonicwi3.cfg,sonicwi3.png,/base/path/sonicwi3.cfg
./aburner2.zip,Galaxian,aburner2.cfg,aburner2.png,/base/path/aburner2.cfg
./superbon.zip,Galaxian,superbon.cfg,superbon.png,/base/path/superbon.cfg
./agress.zip,Galaxian,agress.cfg,agress.png,/base/path/agress.cfg
./airass.zip,Galaxian,airass.cfg,airass.png,/base/path/airass.cfg
./airbustr.zip,Galaxian,airbustr.cfg,airbustr.png,/base/path/airbustr.cfg
./agallet.zip,Galaxian,agallet.cfg,agallet.png,/base/path/agallet.cfg
./airwolf.zip,Galaxian,airwolf.cfg,airwolf.png,/base/path/airwolf.cfg
./akatana.zip,Galaxian,akatana.cfg,akatana.png,/base/path/akatana.cfg
./alcon.zip,Galaxian,alcon.cfg,alcon.png,/base/path/alcon.cfg
./alibaba.zip,Galaxian,alibaba.cfg,alibaba.png,/base/path/alibaba.cfg
./aliencha.zip,Galaxian,aliencha.cfg,aliencha.png,/base/path/aliencha.cfg
./astorm.zip,Galaxian,astorm.cfg,astorm.png,/base/path/astorm.cfg
./avsp.zip,Galaxian,avsp.cfg,avsp.png,/base/path/avsp.cfg
./aliens.zip,Galaxian,aliens.cfg,aliens.png,/base/path/aliens.cfg
./alpham2.zip,Galaxian,alpham2.cfg,alpham2.png,/base/path/alpham2.cfg
./alpine.zip,Galaxian,alpine.cfg,alpine.png,/base/path/alpine.cfg
./ambush.zip,Galaxian,ambush.cfg,ambush.png,/base/path/ambush.cfg
./amspdwy.zip,Galaxian,amspdwy.cfg,amspdwy.png,/base/path/amspdwy.cfg
./androdun.zip,Galaxian,androdun.cfg,androdun.png,/base/path/androdun.cfg
./angelkds.zip,Galaxian,angelkds.cfg,angelkds.png,/base/path/angelkds.cfg
./anteater.zip,Galaxian,anteater.cfg,anteater.png,/base/path/anteater.cfg
./aquajack.zip,Galaxian,aquajack.cfg,aquajack.png,/base/path/aquajack.cfg
./arabian.zip,Galaxian,arabian.cfg,arabian.png,/base/path/arabian.cfg
./arabianm.zip,Galaxian,arabianm.cfg,arabianm.png,/base/path/arabianm.cfg
./arcadecl.zip,Galaxian,arcadecl.cfg,arcadecl.png,/base/path/arcadecl.cfg
./unsquad.zip,Galaxian,unsquad.cfg,unsquad.png,/base/path/unsquad.cfg
./argusg.zip,Galaxian,argusg.cfg,argusg.png,/base/path/argusg.cfg
./arkanoid.zip,Galaxian,arkanoid.cfg,arkanoid.png,/base/path/arkanoid.cfg
./arknoid2.zip,Galaxian,arknoid2.cfg,arknoid2.png,/base/path/arknoid2.cfg
./armedf.zip,Galaxian,armedf.cfg,armedf.png,/base/path/armedf.cfg
./armwar.zip,Galaxian,armwar.cfg,armwar.png,/base/path/armwar.cfg
./aof2.zip,Galaxian,aof2.cfg,aof2.png,/base/path/aof2.cfg
./ashura.zip,Galaxian,ashura.cfg,ashura.png,/base/path/ashura.cfg
./assault.zip,Galaxian,assault.cfg,assault.png,/base/path/assault.cfg
./asteroid.zip,Galaxian,asteroid.cfg,asteroid.png,/base/path/asteroid.cfg
./castfant.zip,Galaxian,castfant.cfg,castfant.png,/base/path/castfant.cfg
./asurabld.zip,Galaxian,asurabld.cfg,asurabld.png,/base/path/asurabld.cfg
./athena.zip,Galaxian,athena.cfg,athena.png,/base/path/athena.cfg
./atomicp.zip,Galaxian,atomicp.cfg,atomicp.png,/base/path/atomicp.cfg
./aurail.zip,Galaxian,aurail.cfg,aurail.png,/base/path/aurail.cfg
./avspirit.zip,Galaxian,avspirit.cfg,avspirit.png,/base/path/avspirit.cfg
./azurian.zip,Galaxian,azurian.cfg,azurian.png,/base/path/azurian.cfg
./bwings.zip,Galaxian,bwings.cfg,bwings.png,/base/path/bwings.cfg
./brapboys.zip,Galaxian,brapboys.cfg,brapboys.png,/base/path/brapboys.cfg
./bssoccer.zip,Galaxian,bssoccer.cfg,bssoccer.png,/base/path/bssoccer.cfg
./baddudes.zip,Galaxian,baddudes.cfg,baddudes.png,/base/path/baddudes.cfg
./bagman.zip,Galaxian,bagman.cfg,bagman.png,/base/path/bagman.cfg
./bkrtmaq.zip,Galaxian,bkrtmaq.cfg,bkrtmaq.png,/base/path/bkrtmaq.cfg
./balcube.zip,Galaxian,balcube.cfg,balcube.png,/base/path/balcube.cfg
./baluba.zip,Galaxian,baluba.cfg,baluba.png,/base/path/baluba.cfg
./bangball.zip,Galaxian,bangball.cfg,bangball.png,/base/path/bangball.cfg
./bangbead.zip,Galaxian,bangbead.cfg,bangbead.png,/base/path/bangbead.cfg
./boonggab.zip,Galaxian,boonggab.cfg,boonggab.png,/base/path/boonggab.cfg
./baryon.zip,Galaxian,baryon.cfg,baryon.png,/base/path/baryon.cfg
./bstars.zip,Galaxian,bstars.cfg,bstars.png,/base/path/bstars.cfg
./batrider.zip,Galaxian,batrider.cfg,batrider.png,/base/path/batrider.cfg
./battlnts.zip,Galaxian,battlnts.cfg,battlnts.png,/base/path/battlnts.cfg
./senkyu.zip,Galaxian,senkyu.cfg,senkyu.png,/base/path/senkyu.cfg
./batcir.zip,Galaxian,batcir.cfg,batcir.png,/base/path/batcir.cfg
./battlex.zip,Galaxian,battlex.cfg,battlex.png,/base/path/battlex.cfg
./flipshot.zip,Galaxian,flipshot.cfg,flipshot.png,/base/path/flipshot.cfg
./btlkroad.zip,Galaxian,btlkroad.cfg,btlkroad.png,/base/path/btlkroad.cfg
./atlantis.zip,Galaxian,atlantis.cfg,atlantis.png,/base/path/atlantis.cfg
./btoads.zip,Galaxian,btoads.cfg,btoads.png,/base/path/btoads.cfg
./bayroute.zip,Galaxian,bayroute.cfg,bayroute.png,/base/path/bayroute.cfg
./bucky.zip,Galaxian,bucky.cfg,bucky.png,/base/path/bucky.cfg
./benberob.zip,Galaxian,benberob.cfg,benberob.png,/base/path/benberob.cfg
./berzerk.zip,Galaxian,berzerk.cfg,berzerk.png,/base/path/berzerk.cfg
./bestbest.zip,Galaxian,bestbest.cfg,bestbest.png,/base/path/bestbest.cfg
./bigbucks.zip,Galaxian,bigbucks.cfg,bigbucks.png,/base/path/bigbucks.cfg
./bigrun.zip,Galaxian,bigrun.cfg,bigrun.png,/base/path/bigrun.cfg
./bigtwin.zip,Galaxian,bigtwin.cfg,bigtwin.png,/base/path/bigtwin.cfg
./bioatack.zip,Galaxian,bioatack.cfg,bioatack.png,/base/path/bioatack.cfg
./biomtoy.zip,Galaxian,biomtoy.cfg,biomtoy.png,/base/path/biomtoy.cfg
./birdtry.zip,Galaxian,birdtry.cfg,birdtry.png,/base/path/birdtry.cfg
./bishi.zip,Galaxian,bishi.cfg,bishi.png,/base/path/bishi.cfg
./blkhole.zip,Galaxian,blkhole.cfg,blkhole.png,/base/path/blkhole.cfg
./blktiger.zip,Galaxian,blktiger.cfg,blktiger.png,/base/path/blktiger.cfg
./bwidow.zip,Galaxian,bwidow.cfg,bwidow.png,/base/path/bwidow.cfg
./bladestl.zip,Galaxian,bladestl.cfg,bladestl.png,/base/path/bladestl.cfg
./blastoff.zip,Galaxian,blastoff.cfg,blastoff.png,/base/path/blastoff.cfg
./blaster.zip,Galaxian,blaster.cfg,blaster.png,/base/path/blaster.cfg
./blasto.zip,Galaxian,blasto.cfg,blasto.png,/base/path/blasto.cfg
./blazer.zip,Galaxian,blazer.cfg,blazer.png,/base/path/blazer.cfg
./blzntrnd.zip,Galaxian,blzntrnd.cfg,blzntrnd.png,/base/path/blzntrnd.cfg
./blockcar.zip,Galaxian,blockcar.cfg,blockcar.png,/base/path/blockcar.cfg
./blockhl.zip,Galaxian,blockhl.cfg,blockhl.png,/base/path/blockhl.cfg
./blockade.zip,Galaxian,blockade.cfg,blockade.png,/base/path/blockade.cfg
./blmbycar.zip,Galaxian,blmbycar.cfg,blmbycar.png,/base/path/blmbycar.cfg
./bloodwar.zip,Galaxian,bloodwar.cfg,bloodwar.png,/base/path/bloodwar.cfg
./bluehawk.zip,Galaxian,bluehawk.cfg,bluehawk.png,/base/path/bluehawk.cfg
./bjourney.zip,Galaxian,bjourney.cfg,bjourney.png,/base/path/bjourney.cfg
./bodyslam.zip,Galaxian,bodyslam.cfg,bodyslam.png,/base/path/bodyslam.cfg
./bace.zip,Galaxian,bace.cfg,bace.png,/base/path/bace.cfg
./bombbee.zip,Galaxian,bombbee.cfg,bombbee.png,/base/path/bombbee.cfg
./bjtwin.zip,Galaxian,bjtwin.cfg,bjtwin.png,/base/path/bjtwin.cfg
./bbmanw.zip,Galaxian,bbmanw.cfg,bbmanw.png,/base/path/bbmanw.cfg
./bnzabros.zip,Galaxian,bnzabros.cfg,bnzabros.png,/base/path/bnzabros.cfg
./bonzeadv.zip,Galaxian,bonzeadv.cfg,bonzeadv.png,/base/path/bonzeadv.cfg
./boomrang.zip,Galaxian,boomrang.cfg,boomrang.png,/base/path/boomrang.cfg
./botanic.zip,Galaxian,botanic.cfg,botanic.png,/base/path/botanic.cfg
./cbdash.zip,Galaxian,cbdash.cfg,cbdash.png,/base/path/cbdash.cfg
./bballs.zip,Galaxian,bballs.cfg,bballs.png,/base/path/bballs.cfg
./boxyboy.zip,Galaxian,boxyboy.cfg,boxyboy.png,/base/path/boxyboy.cfg
./brain.zip,Galaxian,brain.cfg,brain.png,/base/path/brain.cfg
./breakrev.zip,Galaxian,breakrev.cfg,breakrev.png,/base/path/breakrev.cfg
./bubl2000.zip,Galaxian,bubl2000.cfg,bubl2000.png,/base/path/bubl2000.cfg
./bublbobl.zip,Galaxian,bublbobl.cfg,bublbobl.png,/base/path/bublbobl.cfg
./bubbletr.zip,Galaxian,bubbletr.cfg,bubbletr.png,/base/path/bubbletr.cfg
./buccanrs.zip,Galaxian,buccanrs.cfg,buccanrs.png,/base/path/buccanrs.cfg
./buggychl.zip,Galaxian,buggychl.cfg,buggychl.png,/base/path/buggychl.cfg
./bullet.zip,Galaxian,bullet.cfg,bullet.png,/base/path/bullet.cfg
./btime.zip,Galaxian,btime.cfg,btime.png,/base/path/btime.cfg
./burglarx.zip,Galaxian,burglarx.cfg,burglarx.png,/base/path/burglarx.cfg
./cburnrub.zip,Galaxian,cburnrub.cfg,cburnrub.png,/base/path/cburnrub.cfg
./burnforc.zip,Galaxian,burnforc.cfg,burnforc.png,/base/path/burnforc.cfg
./pang.zip,Galaxian,pang.cfg,pang.png,/base/path/pang.cfg
./bygone.zip,Galaxian,bygone.cfg,bygone.png,/base/path/bygone.cfg
./cabalng.zip,Galaxian,cabalng.cfg,cabalng.png,/base/path/cabalng.cfg
./cadash.zip,Galaxian,cadash.cfg,cadash.png,/base/path/cadash.cfg
./calibr50.zip,Galaxian,calibr50.cfg,calibr50.png,/base/path/calibr50.cfg
./calorie.zip,Galaxian,calorie.cfg,calorie.png,/base/path/calorie.cfg
./candy.zip,Galaxian,candy.cfg,candy.png,/base/path/candy.cfg
./cannonbp.zip,Galaxian,cannonbp.cfg,cannonbp.png,/base/path/cannonbp.cfg
./croquis.zip,Galaxian,croquis.cfg,croquis.png,/base/path/croquis.cfg
./capbowl.zip,Galaxian,capbowl.cfg,capbowl.png,/base/path/capbowl.cfg
./cworld.zip,Galaxian,cworld.cfg,cworld.png,/base/path/cworld.cfg
./captcomm.zip,Galaxian,captcomm.cfg,captcomm.png,/base/path/captcomm.cfg
./ctomaday.zip,Galaxian,ctomaday.cfg,ctomaday.png,/base/path/ctomaday.cfg
./curvebal.zip,Galaxian,curvebal.cfg,curvebal.png,/base/path/curvebal.cfg
./carnival.zip,Galaxian,carnival.cfg,carnival.png,/base/path/carnival.cfg
./cashquiz.zip,Galaxian,cashquiz.cfg,cashquiz.png,/base/path/cashquiz.cfg
./mcatadv.zip,Galaxian,mcatadv.cfg,mcatadv.png,/base/path/mcatadv.cfg
./cninja.zip,Galaxian,cninja.cfg,cninja.png,/base/path/cninja.cfg
./casanova.zip,Galaxian,casanova.cfg,casanova.png,/base/path/casanova.cfg
./chainrec.zip,Galaxian,chainrec.cfg,chainrec.png,/base/path/chainrec.cfg
./champwr.zip,Galaxian,champwr.cfg,champwr.png,/base/path/champwr.cfg
./chkun.zip,Galaxian,chkun.cfg,chkun.png,/base/path/chkun.cfg
./changes.zip,Galaxian,changes.cfg,changes.png,/base/path/changes.cfg
./cbombers.zip,Galaxian,cbombers.cfg,cbombers.png,/base/path/cbombers.cfg
./checkman.zip,Galaxian,checkman.cfg,checkman.png,/base/path/checkman.cfg
./cheesech.zip,Galaxian,cheesech.cfg,cheesech.png,/base/path/cheesech.cfg
./chelnov.zip,Galaxian,chelnov.cfg,chelnov.png,/base/path/chelnov.cfg
./cheyenne.zip,Galaxian,cheyenne.cfg,cheyenne.png,/base/path/cheyenne.cfg
./chiller.zip,Galaxian,chiller.cfg,chiller.png,/base/path/chiller.cfg
./chinagat.zip,Galaxian,chinagat.cfg,chinagat.png,/base/path/chinagat.cfg
./comotion.zip,Galaxian,comotion.cfg,comotion.png,/base/path/comotion.cfg
./chokchok.zip,Galaxian,chokchok.cfg,chokchok.png,/base/path/chokchok.cfg
./chopper.zip,Galaxian,chopper.cfg,chopper.png,/base/path/chopper.cfg
./ironclad.zip,Galaxian,ironclad.cfg,ironclad.png,/base/path/ironclad.cfg
./circusc.zip,Galaxian,circusc.cfg,circusc.png,/base/path/circusc.cfg
./citybomb.zip,Galaxian,citybomb.cfg,citybomb.png,/base/path/citybomb.cfg
./clshroad.zip,Galaxian,clshroad.cfg,clshroad.png,/base/path/clshroad.cfg
./cleopatr.zip,Galaxian,cleopatr.cfg,cleopatr.png,/base/path/cleopatr.cfg
./cloud9.zip,Galaxian,cloud9.cfg,cloud9.png,/base/path/cloud9.cfg
./cltchitr.zip,Galaxian,cltchitr.cfg,cltchitr.png,/base/path/cltchitr.cfg
./colony7.zip,Galaxian,colony7.cfg,colony7.png,/base/path/colony7.cfg
./columns2.zip,Galaxian,columns2.cfg,columns2.png,/base/path/columns2.cfg
./combh.zip,Galaxian,combh.cfg,combh.png,/base/path/combh.cfg
./toto.zip,Galaxian,toto.cfg,toto.png,/base/path/toto.cfg
./complexx.zip,Galaxian,complexx.cfg,complexx.png,/base/path/complexx.cfg
./contra.zip,Galaxian,contra.cfg,contra.png,/base/path/contra.cfg
./cookbib2.zip,Galaxian,cookbib2.cfg,cookbib2.png,/base/path/cookbib2.cfg
./coolmini.zip,Galaxian,coolmini.cfg,coolmini.png,/base/path/coolmini.cfg
./cavenger.zip,Galaxian,cavenger.cfg,cavenger.png,/base/path/cavenger.cfg
./cgangpzl.zip,Galaxian,cgangpzl.cfg,cgangpzl.png,/base/path/cgangpzl.cfg
./countrun.zip,Galaxian,countrun.cfg,countrun.png,/base/path/countrun.cfg
./crkdown.zip,Galaxian,crkdown.cfg,crkdown.png,/base/path/crkdown.cfg
./qcrayon2.zip,Galaxian,qcrayon2.cfg,qcrayon2.png,/base/path/qcrayon2.cfg
./cclimber.zip,Galaxian,cclimber.cfg,cclimber.png,/base/path/cclimber.cfg
./crazyfgt.zip,Galaxian,crazyfgt.cfg,crazyfgt.png,/base/path/crazyfgt.cfg
./ckongpt2.zip,Galaxian,ckongpt2.cfg,ckongpt2.png,/base/path/ckongpt2.cfg
./crazywar.zip,Galaxian,crazywar.cfg,crazywar.png,/base/path/crazywar.cfg
./crimfght.zip,Galaxian,crimfght.cfg,crimfght.png,/base/path/crimfght.cfg
./crossbow.zip,Galaxian,crossbow.cfg,crossbow.png,/base/path/crossbow.cfg
./cbuster.zip,Galaxian,cbuster.cfg,cbuster.png,/base/path/cbuster.cfg
./crusherm.zip,Galaxian,crusherm.cfg,crusherm.png,/base/path/crusherm.cfg
./ccastles.zip,Galaxian,ccastles.cfg,ccastles.png,/base/path/ccastles.cfg
./cuebrick.zip,Galaxian,cuebrick.cfg,cuebrick.png,/base/path/cuebrick.cfg
./cutieq.zip,Galaxian,cutieq.cfg,cutieq.png,/base/path/cutieq.cfg
./cybertnk.zip,Galaxian,cybertnk.cfg,cybertnk.png,/base/path/cybertnk.cfg
./cybots.zip,Galaxian,cybots.cfg,cybots.png,/base/path/cybots.cfg
./cyvern.zip,Galaxian,cyvern.cfg,cyvern.png,/base/path/cyvern.cfg
./dockman.zip,Galaxian,dockman.cfg,dockman.png,/base/path/dockman.cfg
./ddayjlc.zip,Galaxian,ddayjlc.cfg,ddayjlc.png,/base/path/ddayjlc.cfg
./dacholer.zip,Galaxian,dacholer.cfg,dacholer.png,/base/path/dacholer.cfg
./daikaiju.zip,Galaxian,daikaiju.cfg,daikaiju.png,/base/path/daikaiju.cfg
./daitorid.zip,Galaxian,daitorid.cfg,daitorid.png,/base/path/daitorid.cfg
./dangseed.zip,Galaxian,dangseed.cfg,dangseed.png,/base/path/dangseed.cfg
./dariusg.zip,Galaxian,dariusg.cfg,dariusg.png,/base/path/dariusg.cfg
./darius2.zip,Galaxian,darius2.cfg,darius2.png,/base/path/darius2.cfg
./darkplnt.zip,Galaxian,darkplnt.cfg,darkplnt.png,/base/path/darkplnt.cfg
./darktowr.zip,Galaxian,darktowr.cfg,darktowr.png,/base/path/darktowr.cfg
./darwin.zip,Galaxian,darwin.cfg,darwin.png,/base/path/darwin.cfg
./dankuga.zip,Galaxian,dankuga.cfg,dankuga.png,/base/path/dankuga.cfg
./deadang.zip,Galaxian,deadang.cfg,deadang.png,/base/path/deadang.cfg
./mutantf.zip,Galaxian,mutantf.cfg,mutantf.png,/base/path/mutantf.cfg
./dsmbl.zip,Galaxian,dsmbl.cfg,dsmbl.png,/base/path/dsmbl.cfg
./redufo.zip,Galaxian,redufo.cfg,redufo.png,/base/path/redufo.cfg
./deluxe5.zip,Galaxian,deluxe5.cfg,deluxe5.png,/base/path/deluxe5.cfg
./meijinsn.zip,Galaxian,meijinsn.cfg,meijinsn.png,/base/path/meijinsn.cfg
./demonwld.zip,Galaxian,demonwld.cfg,demonwld.png,/base/path/demonwld.cfg
./deroon.zip,Galaxian,deroon.cfg,deroon.png,/base/path/deroon.cfg
./desertdn.zip,Galaxian,desertdn.cfg,desertdn.png,/base/path/desertdn.cfg
./devstors.zip,Galaxian,devstors.cfg,devstors.png,/base/path/devstors.cfg
./devilw.zip,Galaxian,devilw.cfg,devilw.png,/base/path/devilw.cfg
./diamond.zip,Galaxian,diamond.cfg,diamond.png,/base/path/diamond.cfg
./dietgo.zip,Galaxian,dietgo.cfg,dietgo.png,/base/path/dietgo.cfg
./digdug2.zip,Galaxian,digdug2.cfg,digdug2.png,/base/path/digdug2.cfg
./dimahoo.zip,Galaxian,dimahoo.cfg,dimahoo.png,/base/path/dimahoo.cfg
./dinorex.zip,Galaxian,dinorex.cfg,dinorex.png,/base/path/dinorex.cfg
./discoboy.zip,Galaxian,discoboy.cfg,discoboy.png,/base/path/discoboy.cfg
./disco.zip,Galaxian,disco.cfg,disco.png,/base/path/disco.cfg
./diverboy.zip,Galaxian,diverboy.cfg,diverboy.png,/base/path/diverboy.cfg
./dorunrun.zip,Galaxian,dorunrun.cfg,dorunrun.png,/base/path/dorunrun.cfg
./ddonpach.zip,Galaxian,ddonpach.cfg,ddonpach.png,/base/path/ddonpach.cfg
./dfkbl.zip,Galaxian,dfkbl.cfg,dfkbl.png,/base/path/dfkbl.cfg
./ddp2.zip,Galaxian,ddp2.cfg,ddp2.png,/base/path/ddp2.cfg
./dquizgo2.zip,Galaxian,dquizgo2.cfg,dquizgo2.png,/base/path/dquizgo2.cfg
./dokaben.zip,Galaxian,dokaben.cfg,dokaben.png,/base/path/dokaben.cfg
./dolmen.zip,Galaxian,dolmen.cfg,dolmen.png,/base/path/dolmen.cfg
./dommy.zip,Galaxian,dommy.cfg,dommy.png,/base/path/dommy.cfg
./dkong.zip,Galaxian,dkong.cfg,dkong.png,/base/path/dkong.cfg
./kong.zip,Galaxian,kong.cfg,kong.png,/base/path/kong.cfg
./donpachi.zip,Galaxian,donpachi.cfg,donpachi.png,/base/path/donpachi.cfg
./dorachan.zip,Galaxian,dorachan.cfg,dorachan.png,/base/path/dorachan.cfg
./dblaxle.zip,Galaxian,dblaxle.cfg,dblaxle.png,/base/path/dblaxle.cfg
./doubledr.zip,Galaxian,doubledr.cfg,doubledr.png,/base/path/doubledr.cfg
./ddragon2.zip,Galaxian,ddragon2.cfg,ddragon2.png,/base/path/ddragon2.cfg
./dblpoint.zip,Galaxian,dblpoint.cfg,dblpoint.png,/base/path/dblpoint.cfg
./sparkz.zip,Galaxian,sparkz.cfg,sparkz.png,/base/path/sparkz.cfg
./drmicro.zip,Galaxian,drmicro.cfg,drmicro.png,/base/path/drmicro.cfg
./drtomy.zip,Galaxian,drtomy.cfg,drtomy.png,/base/path/drtomy.cfg
./dbz.zip,Galaxian,dbz.cfg,dbz.png,/base/path/dbz.cfg
./dbzvrvs.zip,Galaxian,dbzvrvs.cfg,dbzvrvs.png,/base/path/dbzvrvs.cfg
./drgnbowl.zip,Galaxian,drgnbowl.cfg,drgnbowl.png,/base/path/drgnbowl.cfg
./drgnbstr.zip,Galaxian,drgnbstr.cfg,drgnbstr.png,/base/path/drgnbstr.cfg
./drgnmst.zip,Galaxian,drgnmst.cfg,drgnmst.png,/base/path/drgnmst.cfg
./dspirit.zip,Galaxian,dspirit.cfg,dspirit.png,/base/path/dspirit.cfg
./dw2001.zip,Galaxian,dw2001.cfg,dw2001.png,/base/path/dw2001.cfg
./drgw2.zip,Galaxian,drgw2.cfg,drgw2.png,/base/path/drgw2.cfg
./drakton.zip,Galaxian,drakton.cfg,drakton.png,/base/path/drakton.cfg
./dreambal.zip,Galaxian,dreambal.cfg,dreambal.png,/base/path/dreambal.cfg
./dreamwld.zip,Galaxian,dreamwld.cfg,dreamwld.png,/base/path/dreamwld.cfg
./driftout.zip,Galaxian,driftout.cfg,driftout.png,/base/path/driftout.cfg
./drivfrcp.zip,Galaxian,drivfrcp.cfg,drivfrcp.png,/base/path/drivfrcp.cfg
./vsduckhunt.zip,Galaxian,vsduckhunt.cfg,vsduckhunt.png,/base/path/vsduckhunt.cfg
./ddsom.zip,Galaxian,ddsom.cfg,ddsom.png,/base/path/ddsom.cfg
./dunkshot.zip,Galaxian,dunkshot.cfg,dunkshot.png,/base/path/dunkshot.cfg
./dynagear.zip,Galaxian,dynagear.cfg,dynagear.png,/base/path/dynagear.cfg
./dcclub.zip,Galaxian,dcclub.cfg,dcclub.png,/base/path/dcclub.cfg
./dynabomb.zip,Galaxian,dynabomb.cfg,dynabomb.png,/base/path/dynabomb.cfg
./ddux.zip,Galaxian,ddux.cfg,ddux.png,/base/path/ddux.cfg
./dynwar.zip,Galaxian,dynwar.cfg,dynwar.png,/base/path/dynwar.cfg
./ejsakura.zip,Galaxian,ejsakura.cfg,ejsakura.png,/base/path/ejsakura.cfg
./edf.zip,Galaxian,edf.cfg,edf.png,/base/path/edf.cfg
./ecofghtr.zip,Galaxian,ecofghtr.cfg,ecofghtr.png,/base/path/ecofghtr.cfg
./eggor.zip,Galaxian,eggor.cfg,eggor.png,/base/path/eggor.cfg
./eightfrc.zip,Galaxian,eightfrc.cfg,eightfrc.png,/base/path/eightfrc.cfg
./efdt.zip,Galaxian,efdt.cfg,efdt.png,/base/path/efdt.cfg
./elvactr.zip,Galaxian,elvactr.cfg,elvactr.png,/base/path/elvactr.cfg
./emeralda.zip,Galaxian,emeralda.cfg,emeralda.png,/base/path/emeralda.cfg
./enforce.zip,Galaxian,enforce.cfg,enforce.png,/base/path/enforce.cfg
./eprom.zip,Galaxian,eprom.cfg,eprom.png,/base/path/eprom.cfg
./esprade.zip,Galaxian,esprade.cfg,esprade.png,/base/path/esprade.cfg
./espgal2.zip,Galaxian,espgal2.cfg,espgal2.png,/base/path/espgal2.cfg
./euroch92.zip,Galaxian,euroch92.cfg,euroch92.png,/base/path/euroch92.cfg
./excelsr.zip,Galaxian,excelsr.cfg,excelsr.png,/base/path/excelsr.cfg
./vsexcitebike.zip,Galaxian,vsexcitebike.cfg,vsexcitebike.png,/base/path/vsexcitebike.cfg
./exerion.zip,Galaxian,exerion.cfg,exerion.png,/base/path/exerion.cfg
./exprraid.zip,Galaxian,exprraid.cfg,exprraid.png,/base/path/exprraid.cfg
./exterm.zip,Galaxian,exterm.cfg,exterm.png,/base/path/exterm.cfg
./exvania.zip,Galaxian,exvania.cfg,exvania.png,/base/path/exvania.cfg
./eyes.zip,Galaxian,eyes.cfg,eyes.png,/base/path/eyes.cfg
./f1gp.zip,Galaxian,f1gp.cfg,f1gp.png,/base/path/f1gp.cfg
./f1gpstr2.zip,Galaxian,f1gpstr2.cfg,f1gpstr2.png,/base/path/f1gpstr2.cfg
./f1lap.zip,Galaxian,f1lap.cfg,f1lap.png,/base/path/f1lap.cfg
./fncywld.zip,Galaxian,fncywld.cfg,fncywld.png,/base/path/fncywld.cfg
./fantsia2.zip,Galaxian,fantsia2.cfg,fantsia2.png,/base/path/fantsia2.cfg
./fantasyu.zip,Galaxian,fantasyu.cfg,fantasyu.png,/base/path/fantasyu.cfg
./fantzone.zip,Galaxian,fantzone.cfg,fantzone.png,/base/path/fantzone.cfg
./fantzn2x.zip,Galaxian,fantzn2x.cfg,fantzn2x.png,/base/path/fantzn2x.cfg
./flyboy.zip,Galaxian,flyboy.cfg,flyboy.png,/base/path/flyboy.cfg
./sqbert.zip,Galaxian,sqbert.cfg,sqbert.png,/base/path/sqbert.cfg
./fatfury2.zip,Galaxian,fatfury2.cfg,fatfury2.png,/base/path/fatfury2.cfg
./fatfursp.zip,Galaxian,fatfursp.cfg,fatfursp.png,/base/path/fatfursp.cfg
./fcombat.zip,Galaxian,fcombat.cfg,fcombat.png,/base/path/fcombat.cfg
./fghtatck.zip,Galaxian,fghtatck.cfg,fghtatck.png,/base/path/fghtatck.cfg
./fghtbskt.zip,Galaxian,fghtbskt.cfg,fghtbskt.png,/base/path/fghtbskt.cfg
./cfghtice.zip,Galaxian,cfghtice.cfg,cfghtice.png,/base/path/cfghtice.cfg
./fsoccer.zip,Galaxian,fsoccer.cfg,fsoccer.png,/base/path/fsoccer.cfg
./ffight.zip,Galaxian,ffight.cfg,ffight.png,/base/path/ffight.cfg
./finallap.zip,Galaxian,finallap.cfg,finallap.png,/base/path/finallap.cfg
./finalap3.zip,Galaxian,finalap3.cfg,finalap3.png,/base/path/finalap3.cfg
./finalttr.zip,Galaxian,finalttr.cfg,finalttr.png,/base/path/finalttr.cfg
./finehour.zip,Galaxian,finehour.cfg,finehour.png,/base/path/finehour.cfg
./fireshrk.zip,Galaxian,fireshrk.cfg,fireshrk.png,/base/path/fireshrk.cfg
./firebeas.zip,Galaxian,firebeas.cfg,firebeas.png,/base/path/firebeas.cfg
./cfboy0a1.zip,Galaxian,cfboy0a1.cfg,cfboy0a1.png,/base/path/cfboy0a1.cfg
./flashgal.zip,Galaxian,flashgal.cfg,flashgal.png,/base/path/flashgal.cfg
./flipjack.zip,Galaxian,flipjack.cfg,flipjack.png,/base/path/flipjack.cfg
./cflyball.zip,Galaxian,cflyball.cfg,cflyball.png,/base/path/cflyball.cfg
./flytiger.zip,Galaxian,flytiger.cfg,flytiger.png,/base/path/flytiger.cfg
./footchmp.zip,Galaxian,footchmp.cfg,footchmp.png,/base/path/footchmp.cfg
./forgottn.zip,Galaxian,forgottn.cfg,forgottn.png,/base/path/forgottn.cfg
./fourtrax.zip,Galaxian,fourtrax.cfg,fourtrax.png,/base/path/fourtrax.cfg
./freeze.zip,Galaxian,freeze.cfg,freeze.png,/base/path/freeze.cfg
./friskyt.zip,Galaxian,friskyt.cfg,friskyt.png,/base/path/friskyt.cfg
./frontlin.zip,Galaxian,frontlin.cfg,frontlin.png,/base/path/frontlin.cfg
./funkybee.zip,Galaxian,funkybee.cfg,funkybee.png,/base/path/funkybee.cfg
./funkyjet.zip,Galaxian,funkyjet.cfg,funkyjet.png,/base/path/funkyjet.cfg
./futspy.zip,Galaxian,futspy.cfg,futspy.png,/base/path/futspy.cfg
./gloc.zip,Galaxian,gloc.cfg,gloc.png,/base/path/gloc.cfg
./gijoe.zip,Galaxian,gijoe.cfg,gijoe.png,/base/path/gijoe.cfg
./gaia.zip,Galaxian,gaia.cfg,gaia.png,/base/path/gaia.cfg
./gground.zip,Galaxian,gground.cfg,gground.png,/base/path/gground.cfg
./gwarrior.zip,Galaxian,gwarrior.cfg,gwarrior.png,/base/path/gwarrior.cfg
./galaxyfg.zip,Galaxian,galaxyfg.cfg,galaxyfg.png,/base/path/galaxyfg.cfg
./galaxygn.zip,Galaxian,galaxygn.cfg,galaxygn.png,/base/path/galaxygn.cfg
./galmedes.zip,Galaxian,galmedes.cfg,galmedes.png,/base/path/galmedes.cfg
./galpani3.zip,Galaxian,galpani3.cfg,galpani3.png,/base/path/galpani3.cfg
./galpanis.zip,Galaxian,galpanis.cfg,galpanis.png,/base/path/galpanis.cfg
./galpans3.zip,Galaxian,galpans3.cfg,galpans3.png,/base/path/galpans3.cfg
./usgames.zip,Galaxian,usgames.cfg,usgames.png,/base/path/usgames.cfg
./ganbare.zip,Galaxian,ganbare.cfg,ganbare.png,/base/path/ganbare.cfg
./gangwars.zip,Galaxian,gangwars.cfg,gangwars.png,/base/path/gangwars.cfg
./gardia.zip,Galaxian,gardia.cfg,gardia.png,/base/path/gardia.cfg
./garou.zip,Galaxian,garou.cfg,garou.png,/base/path/garou.cfg
./gauntlet.zip,Galaxian,gauntlet.cfg,gauntlet.png,/base/path/gauntlet.cfg
./geebee.zip,Galaxian,geebee.cfg,geebee.png,/base/path/geebee.cfg
./gemini.zip,Galaxian,gemini.cfg,gemini.png,/base/path/gemini.cfg
./genpeitd.zip,Galaxian,genpeitd.cfg,genpeitd.png,/base/path/genpeitd.cfg
./ghostlop.zip,Galaxian,ghostlop.cfg,ghostlop.png,/base/path/ghostlop.cfg
./ghox.zip,Galaxian,ghox.cfg,ghox.png,/base/path/ghox.cfg
./gigawing.zip,Galaxian,gigawing.cfg,gigawing.png,/base/path/gigawing.cfg
./gigas.zip,Galaxian,gigas.cfg,gigas.png,/base/path/gigas.cfg
./ginganin.zip,Galaxian,ginganin.cfg,ginganin.png,/base/path/ginganin.cfg
./sgladiat.zip,Galaxian,sgladiat.cfg,sgladiat.png,/base/path/sgladiat.cfg
./yamagchi.zip,Galaxian,yamagchi.cfg,yamagchi.png,/base/path/yamagchi.cfg
./godzilla.zip,Galaxian,godzilla.cfg,godzilla.png,/base/path/godzilla.cfg
./goldmedl.zip,Galaxian,goldmedl.cfg,goldmedl.png,/base/path/goldmedl.cfg
./ga2.zip,Galaxian,ga2.cfg,ga2.png,/base/path/ga2.cfg
./gt97.zip,Galaxian,gt97.cfg,gt97.png,/base/path/gt97.cfg
./gt99.zip,Galaxian,gt99.cfg,gt99.png,/base/path/gt99.cfg
./gt3d.zip,Galaxian,gt3d.cfg,gt3d.png,/base/path/gt3d.cfg
./gollygho.zip,Galaxian,gollygho.cfg,gollygho.png,/base/path/gollygho.cfg
./goori.zip,Galaxian,goori.cfg,goori.png,/base/path/goori.cfg
./gprider.zip,Galaxian,gprider.cfg,gprider.png,/base/path/gprider.cfg
./f1gpstar.zip,Galaxian,f1gpstar.cfg,f1gpstar.png,/base/path/f1gpstar.cfg
./grndtour.zip,Galaxian,grndtour.cfg,grndtour.png,/base/path/grndtour.cfg
./gratia.zip,Galaxian,gratia.cfg,gratia.png,/base/path/gratia.cfg
./gtmr.zip,Galaxian,gtmr.cfg,gtmr.png,/base/path/gtmr.cfg
./gslugrsj.zip,Galaxian,gslugrsj.cfg,gslugrsj.png,/base/path/gslugrsj.cfg
./gseeker.zip,Galaxian,gseeker.cfg,gseeker.png,/base/path/gseeker.cfg
./groundfx.zip,Galaxian,groundfx.cfg,groundfx.png,/base/path/groundfx.cfg
./grdian.zip,Galaxian,grdian.cfg,grdian.png,/base/path/grdian.cfg
./grdians.zip,Galaxian,grdians.cfg,grdians.png,/base/path/grdians.cfg
./gulfstrm.zip,Galaxian,gulfstrm.cfg,gulfstrm.png,/base/path/gulfstrm.cfg
./gulunpa.zip,Galaxian,gulunpa.cfg,gulunpa.png,/base/path/gulunpa.cfg
./gundl94.zip,Galaxian,gundl94.cfg,gundl94.png,/base/path/gundl94.cfg
./gunfront.zip,Galaxian,gunfront.cfg,gunfront.png,/base/path/gunfront.cfg
./gunsmoke.zip,Galaxian,gunsmoke.cfg,gunsmoke.png,/base/path/gunsmoke.cfg
./gunbird.zip,Galaxian,gunbird.cfg,gunbird.png,/base/path/gunbird.cfg
./gunbustr.zip,Galaxian,gunbustr.cfg,gunbustr.png,/base/path/gunbustr.cfg
./gunforce.zip,Galaxian,gunforce.cfg,gunforce.png,/base/path/gunforce.cfg
./gururin.zip,Galaxian,gururin.cfg,gururin.png,/base/path/gururin.cfg
./guwange.zip,Galaxian,guwange.cfg,guwange.png,/base/path/guwange.cfg
./pbancho.zip,Galaxian,pbancho.cfg,pbancho.png,/base/path/pbancho.cfg
./gyruss.zip,Galaxian,gyruss.cfg,gyruss.png,/base/path/gyruss.cfg
./chwy.zip,Galaxian,chwy.cfg,chwy.png,/base/path/chwy.cfg
./hal21.zip,Galaxian,hal21.cfg,hal21.png,/base/path/hal21.cfg
./hamaway.zip,Galaxian,hamaway.cfg,hamaway.png,/base/path/hamaway.cfg
./hangon.zip,Galaxian,hangon.cfg,hangon.png,/base/path/hangon.cfg
./hangzo.zip,Galaxian,hangzo.cfg,hangzo.png,/base/path/hangzo.cfg
./hardhead.zip,Galaxian,hardhead.cfg,hardhead.png,/base/path/hardhead.cfg
./hrdtimes.zip,Galaxian,hrdtimes.cfg,hrdtimes.png,/base/path/hrdtimes.cfg
./harem.zip,Galaxian,harem.cfg,harem.png,/base/path/harem.cfg
./htchctch.zip,Galaxian,htchctch.cfg,htchctch.png,/base/path/htchctch.cfg
./hcastle.zip,Galaxian,hcastle.cfg,hcastle.png,/base/path/hcastle.cfg
./hayaosi3.zip,Galaxian,hayaosi3.cfg,hayaosi3.png,/base/path/hayaosi3.cfg
./headon.zip,Galaxian,headon.cfg,headon.png,/base/path/headon.cfg
./heatbrl.zip,Galaxian,heatbrl.cfg,heatbrl.png,/base/path/heatbrl.cfg
./hvymetal.zip,Galaxian,hvymetal.cfg,hvymetal.png,/base/path/hvymetal.cfg
./hvyunit.zip,Galaxian,hvyunit.cfg,hvyunit.png,/base/path/hvyunit.cfg
./heberpop.zip,Galaxian,heberpop.cfg,heberpop.png,/base/path/heberpop.cfg
./hellfire.zip,Galaxian,hellfire.cfg,hellfire.png,/base/path/hellfire.cfg
./heuksun.zip,Galaxian,heuksun.cfg,heuksun.png,/base/path/heuksun.cfg
./hexion.zip,Galaxian,hexion.cfg,hexion.png,/base/path/hexion.cfg
./hidctch2.zip,Galaxian,hidctch2.cfg,hidctch2.png,/base/path/hidctch2.cfg
./hidctch3.zip,Galaxian,hidctch3.cfg,hidctch3.png,/base/path/hidctch3.cfg
./hwrace.zip,Galaxian,hwrace.cfg,hwrace.png,/base/path/hwrace.cfg
./hippodrm.zip,Galaxian,hippodrm.cfg,hippodrm.png,/base/path/hippodrm.cfg
./hitnmiss.zip,Galaxian,hitnmiss.cfg,hitnmiss.png,/base/path/hitnmiss.cfg
./hoccer.zip,Galaxian,hoccer.cfg,hoccer.png,/base/path/hoccer.cfg
./holo.zip,Galaxian,holo.cfg,holo.png,/base/path/holo.cfg
./hook.zip,Galaxian,hook.cfg,hook.png,/base/path/hook.cfg
./hopprobo.zip,Galaxian,hopprobo.cfg,hopprobo.png,/base/path/hopprobo.cfg
./horizon.zip,Galaxian,horizon.cfg,horizon.png,/base/path/horizon.cfg
./hotmind.zip,Galaxian,hotmind.cfg,hotmind.png,/base/path/hotmind.cfg
./hotrod.zip,Galaxian,hotrod.cfg,hotrod.png,/base/path/hotrod.cfg
./hotdogst.zip,Galaxian,hotdogst.cfg,hotdogst.png,/base/path/hotdogst.cfg
./hunchbak.zip,Galaxian,hunchbak.cfg,hunchbak.png,/base/path/hunchbak.cfg
./hustle.zip,Galaxian,hustle.cfg,hustle.png,/base/path/hustle.cfg
./hcrash.zip,Galaxian,hcrash.cfg,hcrash.png,/base/path/hcrash.cfg
./hyperpac.zip,Galaxian,hyperpac.cfg,hyperpac.png,/base/path/hyperpac.cfg
./hsf2.zip,Galaxian,hsf2.cfg,hsf2.png,/base/path/hsf2.cfg
./ibara.zip,Galaxian,ibara.cfg,ibara.png,/base/path/ibara.cfg
./suchie2.zip,Galaxian,suchie2.cfg,suchie2.png,/base/path/suchie2.cfg
./igmo.zip,Galaxian,igmo.cfg,igmo.png,/base/path/igmo.cfg
./ikari.zip,Galaxian,ikari.cfg,ikari.png,/base/path/ikari.cfg
./imgfight.zip,Galaxian,imgfight.cfg,imgfight.png,/base/path/imgfight.cfg
./inthunt.zip,Galaxian,inthunt.cfg,inthunt.png,/base/path/inthunt.cfg
./insector.zip,Galaxian,insector.cfg,insector.png,/base/path/insector.cfg
./intcup94.zip,Galaxian,intcup94.cfg,intcup94.png,/base/path/intcup94.cfg
./iqblock.zip,Galaxian,iqblock.cfg,iqblock.png,/base/path/iqblock.cfg
./itaten.zip,Galaxian,itaten.cfg,itaten.png,/base/path/itaten.cfg
./vshoot.zip,Galaxian,vshoot.cfg,vshoot.png,/base/path/vshoot.cfg
./jack.zip,Galaxian,jack.cfg,jack.png,/base/path/jack.cfg
./jchan.zip,Galaxian,jchan.cfg,jchan.png,/base/path/jchan.cfg
./jjparads.zip,Galaxian,jjparads.cfg,jjparads.png,/base/path/jjparads.cfg
./choko.zip,Galaxian,choko.cfg,choko.png,/base/path/choko.cfg
./jin.zip,Galaxian,jin.cfg,jin.png,/base/path/jin.cfg
./jockeygp.zip,Galaxian,jockeygp.cfg,jockeygp.png,/base/path/jockeygp.cfg
./joinem.zip,Galaxian,joinem.cfg,joinem.png,/base/path/joinem.cfg
./jojo.zip,Galaxian,jojo.cfg,jojo.png,/base/path/jojo.cfg
./jongpute.zip,Galaxian,jongpute.cfg,jongpute.png,/base/path/jongpute.cfg
./joust.zip,Galaxian,joust.cfg,joust.png,/base/path/joust.cfg
./jrpacman.zip,Galaxian,jrpacman.cfg,jrpacman.png,/base/path/jrpacman.cfg
./jumpbug.zip,Galaxian,jumpbug.cfg,jumpbug.png,/base/path/jumpbug.cfg
./jumpkids.zip,Galaxian,jumpkids.cfg,jumpkids.png,/base/path/jumpkids.cfg
./jumpshot.zip,Galaxian,jumpshot.cfg,jumpshot.png,/base/path/jumpshot.cfg
./jcross.zip,Galaxian,jcross.cfg,jcross.png,/base/path/jcross.cfg
./jumppop.zip,Galaxian,jumppop.cfg,jumppop.png,/base/path/jumppop.cfg
./jungler.zip,Galaxian,jungler.cfg,jungler.png,/base/path/jungler.cfg
./jpark.zip,Galaxian,jpark.cfg,jpark.png,/base/path/jpark.cfg
./kabukiz.zip,Galaxian,kabukiz.cfg,kabukiz.png,/base/path/kabukiz.cfg
./kaiserkn.zip,Galaxian,kaiserkn.cfg,kaiserkn.png,/base/path/kaiserkn.cfg
./kamikcab.zip,Galaxian,kamikcab.cfg,kamikcab.png,/base/path/kamikcab.cfg
./karatblz.zip,Galaxian,karatblz.cfg,karatblz.png,/base/path/karatblz.cfg
./karianx.zip,Galaxian,karianx.cfg,karianx.png,/base/path/karianx.cfg
./karnovr.zip,Galaxian,karnovr.cfg,karnovr.png,/base/path/karnovr.cfg
./ket.zip,Galaxian,ket.cfg,ket.png,/base/path/ket.cfg
./kicknrun.zip,Galaxian,kicknrun.cfg,kicknrun.png,/base/path/kicknrun.cfg
./kickoff.zip,Galaxian,kickoff.cfg,kickoff.png,/base/path/kickoff.cfg
./kikstart.zip,Galaxian,kikstart.cfg,kikstart.png,/base/path/kikstart.cfg
./horekid.zip,Galaxian,horekid.cfg,horekid.png,/base/path/horekid.cfg
./kingball.zip,Galaxian,kingball.cfg,kingball.png,/base/path/kingball.cfg
./kotm.zip,Galaxian,kotm.cfg,kotm.png,/base/path/kotm.cfg
./kingdmgp.zip,Galaxian,kingdmgp.cfg,kingdmgp.png,/base/path/kingdmgp.cfg
./kittenk.zip,Galaxian,kittenk.cfg,kittenk.png,/base/path/kittenk.cfg
./klax.zip,Galaxian,klax.cfg,klax.png,/base/path/klax.cfg
./kngtmare.zip,Galaxian,kngtmare.cfg,kngtmare.png,/base/path/kngtmare.cfg
./kbash.zip,Galaxian,kbash.cfg,kbash.png,/base/path/kbash.cfg
./kncljoe.zip,Galaxian,kncljoe.cfg,kncljoe.png,/base/path/kncljoe.cfg
./eto.zip,Galaxian,eto.cfg,eto.png,/base/path/eto.cfg
./pingpong.zip,Galaxian,pingpong.cfg,pingpong.png,/base/path/pingpong.cfg
./myangel.zip,Galaxian,myangel.cfg,myangel.png,/base/path/myangel.cfg
./strahl.zip,Galaxian,strahl.cfg,strahl.png,/base/path/strahl.cfg
./kozure.zip,Galaxian,kozure.cfg,kozure.png,/base/path/kozure.cfg
./krzybowl.zip,Galaxian,krzybowl.cfg,krzybowl.png,/base/path/krzybowl.cfg
./kungfum.zip,Galaxian,kungfum.cfg,kungfum.png,/base/path/kungfum.cfg
./kurikint.zip,Galaxian,kurikint.cfg,kurikint.png,/base/path/kurikint.cfg
./kyukaidk.zip,Galaxian,kyukaidk.cfg,kyukaidk.png,/base/path/kyukaidk.cfg
./ladybug.zip,Galaxian,ladybug.cfg,ladybug.png,/base/path/ladybug.cfg
./ladykill.zip,Galaxian,ladykill.cfg,ladykill.png,/base/path/ladykill.cfg
./landbrk.zip,Galaxian,landbrk.cfg,landbrk.png,/base/path/landbrk.cfg
./lsasquad.zip,Galaxian,lsasquad.cfg,lsasquad.png,/base/path/lsasquad.cfg
./lghost.zip,Galaxian,lghost.cfg,lghost.png,/base/path/lghost.cfg
./lastduel.zip,Galaxian,lastduel.cfg,lastduel.png,/base/path/lastduel.cfg
./lastkm.zip,Galaxian,lastkm.cfg,lastkm.png,/base/path/lastkm.cfg
./lresort.zip,Galaxian,lresort.cfg,lresort.png,/base/path/lresort.cfg
./lastsurv.zip,Galaxian,lastsurv.cfg,lastsurv.png,/base/path/lastsurv.cfg
./lbowling.zip,Galaxian,lbowling.cfg,lbowling.png,/base/path/lbowling.cfg
./fitegolf.zip,Galaxian,fitegolf.cfg,fitegolf.png,/base/path/fitegolf.cfg
./loht.zip,Galaxian,loht.cfg,loht.png,/base/path/loht.cfg
./lomakai.zip,Galaxian,lomakai.cfg,lomakai.png,/base/path/lomakai.cfg
./lwings.zip,Galaxian,lwings.cfg,lwings.png,/base/path/lwings.cfg
./legion.zip,Galaxian,legion.cfg,legion.png,/base/path/legion.cfg
./lemmings.zip,Galaxian,lemmings.cfg,lemmings.png,/base/path/lemmings.cfg
./lethalth.zip,Galaxian,lethalth.cfg,lethalth.png,/base/path/lethalth.cfg
./liblrabl.zip,Galaxian,liblrabl.cfg,liblrabl.png,/base/path/liblrabl.cfg
./ltswords.zip,Galaxian,ltswords.cfg,ltswords.png,/base/path/ltswords.cfg
./linkypip.zip,Galaxian,linkypip.cfg,linkypip.png,/base/path/linkypip.cfg
./livequiz.zip,Galaxian,livequiz.cfg,livequiz.png,/base/path/livequiz.cfg
./clocknch.zip,Galaxian,clocknch.cfg,clocknch.png,/base/path/clocknch.cfg
./locomotn.zip,Galaxian,locomotn.cfg,locomotn.png,/base/path/locomotn.cfg
./ldrun2.zip,Galaxian,ldrun2.cfg,ldrun2.png,/base/path/ldrun2.cfg
./ldrun4.zip,Galaxian,ldrun4.cfg,ldrun4.png,/base/path/ldrun4.cfg
./logicpr2.zip,Galaxian,logicpr2.cfg,logicpr2.png,/base/path/logicpr2.cfg
./losttomb.zip,Galaxian,losttomb.cfg,losttomb.png,/base/path/losttomb.cfg
./lottofun.zip,Galaxian,lottofun.cfg,lottofun.png,/base/path/lottofun.cfg
./janjans2.zip,Galaxian,janjans2.cfg,janjans2.png,/base/path/janjans2.cfg
./ltorb.zip,Galaxian,ltorb.cfg,ltorb.png,/base/path/ltorb.cfg
./luckboom.zip,Galaxian,luckboom.cfg,luckboom.png,/base/path/luckboom.cfg
./luctoday.zip,Galaxian,luctoday.cfg,luctoday.png,/base/path/luctoday.cfg
./mia.zip,Galaxian,mia.cfg,mia.png,/base/path/mia.cfg
./machbrkr.zip,Galaxian,machbrkr.cfg,machbrkr.png,/base/path/machbrkr.cfg
./mmagic.zip,Galaxian,mmagic.cfg,mmagic.png,/base/path/mmagic.cfg
./madcrash.zip,Galaxian,madcrash.cfg,madcrash.png,/base/path/madcrash.cfg
./maddonna.zip,Galaxian,maddonna.cfg,maddonna.png,/base/path/maddonna.cfg
./madmotor.zip,Galaxian,madmotor.cfg,madmotor.png,/base/path/madmotor.cfg
./madshark.zip,Galaxian,madshark.cfg,madshark.png,/base/path/madshark.cfg
./magicbub.zip,Galaxian,magicbub.cfg,magicbub.png,/base/path/magicbub.cfg
./magipur.zip,Galaxian,magipur.cfg,magipur.png,/base/path/magipur.cfg
./mgcrystl.zip,Galaxian,mgcrystl.cfg,mgcrystl.png,/base/path/mgcrystl.cfg
./magdrop3.zip,Galaxian,magdrop3.cfg,magdrop3.png,/base/path/magdrop3.cfg
./maglord.zip,Galaxian,maglord.cfg,maglord.png,/base/path/maglord.cfg
./mjgtaste.zip,Galaxian,mjgtaste.cfg,mjgtaste.png,/base/path/mjgtaste.cfg
./hotgmcki.zip,Galaxian,hotgmcki.cfg,hotgmcki.png,/base/path/hotgmcki.cfg
./hypreact.zip,Galaxian,hypreact.cfg,hypreact.png,/base/path/hypreact.cfg
./mjkjidai.zip,Galaxian,mjkjidai.cfg,mjkjidai.png,/base/path/mjkjidai.cfg
./mainsnk.zip,Galaxian,mainsnk.cfg,mainsnk.png,/base/path/mainsnk.cfg
./mjleague.zip,Galaxian,mjleague.cfg,mjleague.png,/base/path/mjleague.cfg
./gng.zip,Galaxian,gng.cfg,gng.png,/base/path/gng.cfg
./maniach.zip,Galaxian,maniach.cfg,maniach.png,/base/path/maniach.cfg
./manybloc.zip,Galaxian,manybloc.cfg,manybloc.png,/base/path/manybloc.cfg
./marblmd2.zip,Galaxian,marblmd2.cfg,marblmd2.png,/base/path/marblmd2.cfg
./mrjong.zip,Galaxian,mrjong.cfg,mrjong.png,/base/path/mrjong.cfg
./mariner.zip,Galaxian,mariner.cfg,mariner.png,/base/path/mariner.cfg
./markham.zip,Galaxian,markham.cfg,markham.png,/base/path/markham.cfg
./mmatrix.zip,Galaxian,mmatrix.cfg,mmatrix.png,/base/path/mmatrix.cfg
./marvland.zip,Galaxian,marvland.cfg,marvland.png,/base/path/marvland.cfg
./mshvsf.zip,Galaxian,mshvsf.cfg,mshvsf.png,/base/path/mshvsf.cfg
./marvins.zip,Galaxian,marvins.cfg,marvins.png,/base/path/marvins.cfg
./masterw.zip,Galaxian,masterw.cfg,masterw.png,/base/path/masterw.cfg
./matchit.zip,Galaxian,matchit.cfg,matchit.png,/base/path/matchit.cfg
./matrim.zip,Galaxian,matrim.cfg,matrim.png,/base/path/matrim.cfg
./mayday.zip,Galaxian,mayday.cfg,mayday.png,/base/path/mayday.cfg
./mazinger.zip,Galaxian,mazinger.cfg,mazinger.png,/base/path/mazinger.cfg
./megaman2.zip,Galaxian,megaman2.cfg,megaman2.png,/base/path/megaman2.cfg
./megaman.zip,Galaxian,megaman.cfg,megaman.png,/base/path/megaman.cfg
./megazone.zip,Galaxian,megazone.cfg,megazone.png,/base/path/megazone.cfg
./megadon.zip,Galaxian,megadon.cfg,megadon.png,/base/path/megadon.cfg
./mightguy.zip,Galaxian,mightguy.cfg,mightguy.png,/base/path/mightguy.cfg
./mercs.zip,Galaxian,mercs.cfg,mercs.png,/base/path/mercs.cfg
./metafox.zip,Galaxian,metafox.cfg,metafox.png,/base/path/metafox.cfg
./metlclsh.zip,Galaxian,metlclsh.cfg,metlclsh.png,/base/path/metlclsh.cfg
./metlhawk.zip,Galaxian,metlhawk.cfg,metlhawk.png,/base/path/metlhawk.cfg
./mslug.zip,Galaxian,mslug.cfg,mslug.png,/base/path/mslug.cfg
./mslugx.zip,Galaxian,mslugx.cfg,mslugx.png,/base/path/mslugx.cfg
./mslug4.zip,Galaxian,mslug4.cfg,mslug4.png,/base/path/mslug4.cfg
./mslug5.zip,Galaxian,mslug5.cfg,mslug5.png,/base/path/mslug5.cfg
./metmqstr.zip,Galaxian,metmqstr.cfg,metmqstr.png,/base/path/metmqstr.cfg
./metrocrs.zip,Galaxian,metrocrs.cfg,metrocrs.png,/base/path/metrocrs.cfg
./midres.zip,Galaxian,midres.cfg,midres.png,/base/path/midres.cfg
./mwarr.zip,Galaxian,mwarr.cfg,mwarr.png,/base/path/mwarr.cfg
./mikie.zip,Galaxian,mikie.cfg,mikie.png,/base/path/mikie.cfg
./milliped.zip,Galaxian,milliped.cfg,milliped.png,/base/path/milliped.cfg
./minefld.zip,Galaxian,minefld.cfg,minefld.png,/base/path/minefld.cfg
./minivadr.zip,Galaxian,minivadr.cfg,minivadr.png,/base/path/minivadr.cfg
./mirage.zip,Galaxian,mirage.cfg,mirage.png,/base/path/mirage.cfg
./mirax.zip,Galaxian,mirax.cfg,mirax.png,/base/path/mirax.cfg
./missb2.zip,Galaxian,missb2.cfg,missb2.png,/base/path/missb2.cfg
./missw96.zip,Galaxian,missw96.cfg,missw96.png,/base/path/missw96.cfg
./missile.zip,Galaxian,missile.cfg,missile.png,/base/path/missile.cfg
./misncrft.zip,Galaxian,misncrft.cfg,misncrft.png,/base/path/misncrft.cfg
./mrviking.zip,Galaxian,mrviking.cfg,mrviking.png,/base/path/mrviking.cfg
./msgundam.zip,Galaxian,msgundam.cfg,msgundam.png,/base/path/msgundam.cfg
./gdfs.zip,Galaxian,gdfs.cfg,gdfs.png,/base/path/gdfs.cfg
./mole.zip,Galaxian,mole.cfg,mole.png,/base/path/mole.cfg
./miexchng.zip,Galaxian,miexchng.cfg,miexchng.png,/base/path/miexchng.cfg
./mslider.zip,Galaxian,mslider.cfg,mslider.png,/base/path/mslider.cfg
./mooncrst.zip,Galaxian,mooncrst.cfg,mooncrst.png,/base/path/mooncrst.cfg
./moonqsr.zip,Galaxian,moonqsr.cfg,moonqsr.png,/base/path/moonqsr.cfg
./moonwar.zip,Galaxian,moonwar.cfg,moonwar.png,/base/path/moonwar.cfg
./moremore.zip,Galaxian,moremore.cfg,moremore.png,/base/path/moremore.cfg
./quizhuhu.zip,Galaxian,quizhuhu.cfg,quizhuhu.png,/base/path/quizhuhu.cfg
./mk3.zip,Galaxian,mk3.cfg,mk3.png,/base/path/mk3.cfg
./mosaic.zip,Galaxian,mosaic.cfg,mosaic.png,/base/path/mosaic.cfg
./motos.zip,Galaxian,motos.cfg,motos.png,/base/path/motos.cfg
./mastboyo.zip,Galaxian,mastboyo.cfg,mastboyo.png,/base/path/mastboyo.cfg
./mrdig.zip,Galaxian,mrdig.cfg,mrdig.png,/base/path/mrdig.cfg
./dowild.zip,Galaxian,dowild.cfg,dowild.png,/base/path/dowild.cfg
./mrkicker.zip,Galaxian,mrkicker.cfg,mrkicker.png,/base/path/mrkicker.cfg
./mrtnt.zip,Galaxian,mrtnt.cfg,mrtnt.png,/base/path/mrtnt.cfg
./mrsdyna.zip,Galaxian,mrsdyna.cfg,mrsdyna.png,/base/path/mrsdyna.cfg
./mspacman.zip,Galaxian,mspacman.cfg,mspacman.png,/base/path/mspacman.cfg
./rocktrv2.zip,Galaxian,rocktrv2.cfg,rocktrv2.png,/base/path/rocktrv2.cfg
./mugsmash.zip,Galaxian,mugsmash.cfg,mugsmash.png,/base/path/mugsmash.cfg
./nmg5.zip,Galaxian,nmg5.cfg,nmg5.png,/base/path/nmg5.cfg
./mchampdx.zip,Galaxian,mchampdx.cfg,mchampdx.png,/base/path/mchampdx.cfg
./mushisam.zip,Galaxian,mushisam.cfg,mushisam.png,/base/path/mushisam.cfg
./futari15.zip,Galaxian,futari15.cfg,futari15.png,/base/path/futari15.cfg
./mustache.zip,Galaxian,mustache.cfg,mustache.png,/base/path/mustache.cfg
./mutnat.zip,Galaxian,mutnat.cfg,mutnat.png,/base/path/mutnat.cfg
./myhero.zip,Galaxian,myhero.cfg,myhero.png,/base/path/myhero.cfg
./mysticri.zip,Galaxian,mysticri.cfg,mysticri.png,/base/path/mysticri.cfg
./nsub.zip,Galaxian,nsub.cfg,nsub.png,/base/path/nsub.cfg
./nam1975.zip,Galaxian,nam1975.cfg,nam1975.png,/base/path/nam1975.cfg
./naname.zip,Galaxian,naname.cfg,naname.png,/base/path/naname.cfg
./nastar.zip,Galaxian,nastar.cfg,nastar.png,/base/path/nastar.cfg
./naughtyb.zip,Galaxian,naughtyb.cfg,naughtyb.png,/base/path/naughtyb.cfg
./3in1semi.zip,Galaxian,3in1semi.cfg,3in1semi.png,/base/path/3in1semi.cfg
./nbahangt.zip,Galaxian,nbahangt.cfg,nbahangt.png,/base/path/nbahangt.cfg
./nbajamte.zip,Galaxian,nbajamte.cfg,nbajamte.png,/base/path/nbajamte.cfg
./nebulray.zip,Galaxian,nebulray.cfg,nebulray.png,/base/path/nebulray.cfg
./nemesis.zip,Galaxian,nemesis.cfg,nemesis.png,/base/path/nemesis.cfg
./neobombe.zip,Galaxian,neobombe.cfg,neobombe.png,/base/path/neobombe.cfg
./neocup98.zip,Galaxian,neocup98.cfg,neocup98.png,/base/path/neocup98.cfg
./turfmast.zip,Galaxian,turfmast.cfg,turfmast.png,/base/path/turfmast.cfg
./neopong.zip,Galaxian,neopong.cfg,neopong.png,/base/path/neopong.cfg
./quiztou.zip,Galaxian,quiztou.cfg,quiztou.png,/base/path/quiztou.cfg
./newfant.zip,Galaxian,newfant.cfg,newfant.png,/base/path/newfant.cfg
./nrallyx.zip,Galaxian,nrallyx.cfg,nrallyx.png,/base/path/nrallyx.cfg
./news.zip,Galaxian,news.cfg,news.png,/base/path/news.cfg
./nitedrvr.zip,Galaxian,nitedrvr.cfg,nitedrvr.png,/base/path/nitedrvr.cfg
./cnightst.zip,Galaxian,cnightst.cfg,cnightst.png,/base/path/cnightst.cfg
./nwarr.zip,Galaxian,nwarr.cfg,nwarr.png,/base/path/nwarr.cfg
./nitd.zip,Galaxian,nitd.cfg,nitd.png,/base/path/nitd.cfg
./ncommand.zip,Galaxian,ncommand.cfg,ncommand.png,/base/path/ncommand.cfg
./kazan.zip,Galaxian,kazan.cfg,kazan.png,/base/path/kazan.cfg
./nspirit.zip,Galaxian,nspirit.cfg,nspirit.png,/base/path/nspirit.cfg
./ninjakun.zip,Galaxian,ninjakun.cfg,ninjakun.png,/base/path/ninjakun.cfg
./nob.zip,Galaxian,nob.cfg,nob.png,/base/path/nob.cfg
./nouryoku.zip,Galaxian,nouryoku.cfg,nouryoku.png,/base/path/nouryoku.cfg
./numanath.zip,Galaxian,numanath.cfg,numanath.png,/base/path/numanath.cfg
./ohmygod.zip,Galaxian,ohmygod.cfg,ohmygod.png,/base/path/ohmygod.cfg
./olibochu.zip,Galaxian,olibochu.cfg,olibochu.png,/base/path/olibochu.cfg
./omegaf.zip,Galaxian,omegaf.cfg,omegaf.png,/base/path/omegaf.cfg
./onetwo.zip,Galaxian,onetwo.cfg,onetwo.png,/base/path/onetwo.cfg
./coozumou.zip,Galaxian,coozumou.cfg,coozumou.png,/base/path/coozumou.cfg
./othunder.zip,Galaxian,othunder.cfg,othunder.png,/base/path/othunder.cfg
./opwolf3.zip,Galaxian,opwolf3.cfg,opwolf3.png,/base/path/opwolf3.cfg
./orbs.zip,Galaxian,orbs.cfg,orbs.png,/base/path/orbs.cfg
./orlegend.zip,Galaxian,orlegend.cfg,orlegend.png,/base/path/orlegend.cfg
./osman.zip,Galaxian,osman.cfg,osman.png,/base/path/osman.cfg
./outzone.zip,Galaxian,outzone.cfg,outzone.png,/base/path/outzone.cfg
./overtop.zip,Galaxian,overtop.cfg,overtop.png,/base/path/overtop.cfg
./ozon1.zip,Galaxian,ozon1.cfg,ozon1.png,/base/path/ozon1.cfg
./p47.zip,Galaxian,p47.cfg,p47.png,/base/path/p47.cfg
./pacnpal.zip,Galaxian,pacnpal.cfg,pacnpal.png,/base/path/pacnpal.cfg
./25pacman.zip,Galaxian,25pacman.cfg,25pacman.png,/base/path/25pacman.cfg
./pacmania.zip,Galaxian,pacmania.cfg,pacmania.png,/base/path/pacmania.cfg
./sxyreac2.zip,Galaxian,sxyreac2.cfg,sxyreac2.png,/base/path/sxyreac2.cfg
./clubpacm.zip,Galaxian,clubpacm.cfg,clubpacm.png,/base/path/clubpacm.cfg
./pairs.zip,Galaxian,pairs.cfg,pairs.png,/base/path/pairs.cfg
./pairsred.zip,Galaxian,pairsred.cfg,pairsred.png,/base/path/pairsred.cfg
./pandoras.zip,Galaxian,pandoras.cfg,pandoras.png,/base/path/pandoras.cfg
./pangpoms.zip,Galaxian,pangpoms.cfg,pangpoms.png,/base/path/pangpoms.cfg
./panicstr.zip,Galaxian,panicstr.cfg,panicstr.png,/base/path/panicstr.cfg
./pturn.zip,Galaxian,pturn.cfg,pturn.png,/base/path/pturn.cfg
./prtytime.zip,Galaxian,prtytime.cfg,prtytime.png,/base/path/prtytime.cfg
./pass.zip,Galaxian,pass.cfg,pass.png,/base/path/pass.cfg
./poknight.zip,Galaxian,poknight.cfg,poknight.png,/base/path/poknight.cfg
./patapata.zip,Galaxian,patapata.cfg,patapata.png,/base/path/patapata.cfg
./penfan.zip,Galaxian,penfan.cfg,penfan.png,/base/path/penfan.cfg
./penbros.zip,Galaxian,penbros.cfg,penbros.png,/base/path/penbros.cfg
./pbillrd.zip,Galaxian,pbillrd.cfg,pbillrd.png,/base/path/pbillrd.cfg
./cppicf.zip,Galaxian,cppicf.cfg,cppicf.png,/base/path/cppicf.cfg
./phoenix.zip,Galaxian,phoenix.cfg,phoenix.png,/base/path/phoenix.cfg
./pigskin.zip,Galaxian,pigskin.cfg,pigskin.png,/base/path/pigskin.cfg
./pinbo.zip,Galaxian,pinbo.cfg,pinbo.png,/base/path/pinbo.cfg
./ppmast93.zip,Galaxian,ppmast93.cfg,ppmast93.png,/base/path/ppmast93.cfg
./pballoon.zip,Galaxian,pballoon.cfg,pballoon.png,/base/path/pballoon.cfg
./pipibibs.zip,Galaxian,pipibibs.cfg,pipibibs.png,/base/path/pipibibs.cfg
./pirates.zip,Galaxian,pirates.cfg,pirates.png,/base/path/pirates.cfg
./pistoldm.zip,Galaxian,pistoldm.cfg,pistoldm.png,/base/path/pistoldm.cfg
./pitfight.zip,Galaxian,pitfight.cfg,pitfight.png,/base/path/pitfight.cfg
./pkscram.zip,Galaxian,pkscram.cfg,pkscram.png,/base/path/pkscram.cfg
./plgirls.zip,Galaxian,plgirls.cfg,plgirls.png,/base/path/plgirls.cfg
./playball.zip,Galaxian,playball.cfg,playball.png,/base/path/playball.cfg
./pleiads.zip,Galaxian,pleiads.cfg,pleiads.png,/base/path/pleiads.cfg
./plumppop.zip,Galaxian,plumppop.cfg,plumppop.png,/base/path/plumppop.cfg
./pnickj.zip,Galaxian,pnickj.cfg,pnickj.png,/base/path/pnickj.cfg
./pktgaldx.zip,Galaxian,pktgaldx.cfg,pktgaldx.png,/base/path/pktgaldx.cfg
./ptblank.zip,Galaxian,ptblank.cfg,ptblank.png,/base/path/ptblank.cfg
./pkladies.zip,Galaxian,pkladies.cfg,pkladies.png,/base/path/pkladies.cfg
./pollux.zip,Galaxian,pollux.cfg,pollux.png,/base/path/pollux.cfg
./poosho.zip,Galaxian,poosho.cfg,poosho.png,/base/path/poosho.cfg
./popbounc.zip,Galaxian,popbounc.cfg,popbounc.png,/base/path/popbounc.cfg
./popflame.zip,Galaxian,popflame.cfg,popflame.png,/base/path/popflame.cfg
./popeye.zip,Galaxian,popeye.cfg,popeye.png,/base/path/popeye.cfg
./porky.zip,Galaxian,porky.cfg,porky.png,/base/path/porky.cfg
./poundfor.zip,Galaxian,poundfor.cfg,poundfor.png,/base/path/poundfor.cfg
./pdrift.zip,Galaxian,pdrift.cfg,pdrift.png,/base/path/pdrift.cfg
./powerins.zip,Galaxian,powerins.cfg,powerins.png,/base/path/powerins.cfg
./plegends.zip,Galaxian,plegends.cfg,plegends.png,/base/path/plegends.cfg
./pspikes2.zip,Galaxian,pspikes2.cfg,pspikes2.png,/base/path/pspikes2.cfg
./pubball.zip,Galaxian,pubball.cfg,pubball.png,/base/path/pubball.cfg
./preisle2.zip,Galaxian,preisle2.cfg,preisle2.png,/base/path/preisle2.cfg
./trstar.zip,Galaxian,trstar.cfg,trstar.png,/base/path/trstar.cfg
./cpsoccer.zip,Galaxian,cpsoccer.cfg,cpsoccer.png,/base/path/cpsoccer.cfg
./wldcourt.zip,Galaxian,wldcourt.cfg,wldcourt.png,/base/path/wldcourt.cfg
./progear.zip,Galaxian,progear.cfg,progear.png,/base/path/progear.cfg
./promutrv.zip,Galaxian,promutrv.cfg,promutrv.png,/base/path/promutrv.cfg
./psychos.zip,Galaxian,psychos.cfg,psychos.png,/base/path/psychos.cfg
./pickin.zip,Galaxian,pickin.cfg,pickin.png,/base/path/pickin.cfg
./pulirula.zip,Galaxian,pulirula.cfg,pulirula.png,/base/path/pulirula.cfg
./punchout.zip,Galaxian,punchout.cfg,punchout.png,/base/path/punchout.cfg
./pururun.zip,Galaxian,pururun.cfg,pururun.png,/base/path/pururun.cfg
./puyo.zip,Galaxian,puyo.cfg,puyo.png,/base/path/puyo.cfg
./puzzli2.zip,Galaxian,puzzli2.cfg,puzzli2.png,/base/path/puzzli2.cfg
./puzzlove.zip,Galaxian,puzzlove.cfg,puzzlove.png,/base/path/puzzlove.cfg
./ichir.zip,Galaxian,ichir.cfg,ichir.png,/base/path/ichir.cfg
./pbobblen.zip,Galaxian,pbobblen.cfg,pbobblen.png,/base/path/pbobblen.cfg
./pbobbl2n.zip,Galaxian,pbobbl2n.cfg,pbobbl2n.png,/base/path/pbobbl2n.cfg
./pbobble4.zip,Galaxian,pbobble4.cfg,pbobble4.png,/base/path/pbobble4.cfg
./pclubys.zip,Galaxian,pclubys.cfg,pclubys.png,/base/path/pclubys.cfg
./pzlbowl.zip,Galaxian,pzlbowl.cfg,pzlbowl.png,/base/path/pzlbowl.cfg
./4in1boot.zip,Galaxian,4in1boot.cfg,4in1boot.png,/base/path/4in1boot.cfg
./uopoko.zip,Galaxian,uopoko.cfg,uopoko.png,/base/path/uopoko.cfg
./joyjoy.zip,Galaxian,joyjoy.cfg,joyjoy.png,/base/path/joyjoy.cfg
./puzznic.zip,Galaxian,puzznic.cfg,puzznic.png,/base/path/puzznic.cfg
./qbertqub.zip,Galaxian,qbertqub.cfg,qbertqub.png,/base/path/qbertqub.cfg
./quantum.zip,Galaxian,quantum.cfg,quantum.png,/base/path/quantum.cfg
./quester.zip,Galaxian,quester.cfg,quester.png,/base/path/quester.cfg
./inufuku.zip,Galaxian,inufuku.cfg,inufuku.png,/base/path/inufuku.cfg
./qzchikyu.zip,Galaxian,qzchikyu.cfg,qzchikyu.png,/base/path/qzchikyu.cfg
./quizdais.zip,Galaxian,quizdais.cfg,quizdais.png,/base/path/quizdais.cfg
./quizf1.zip,Galaxian,quizf1.cfg,quizf1.png,/base/path/quizf1.cfg
./qgh.zip,Galaxian,qgh.cfg,qgh.png,/base/path/qgh.cfg
./qjinsei.zip,Galaxian,qjinsei.cfg,qjinsei.png,/base/path/qjinsei.cfg
./quizkof.zip,Galaxian,quizkof.cfg,quizkof.png,/base/path/quizkof.cfg
./qzkklgy2.zip,Galaxian,qzkklgy2.cfg,qzkklgy2.png,/base/path/qzkklgy2.cfg
./quizmeku.zip,Galaxian,quizmeku.cfg,quizmeku.png,/base/path/quizmeku.cfg
./quizo.zip,Galaxian,quizo.cfg,quizo.png,/base/path/quizo.cfg
./qrouka.zip,Galaxian,qrouka.cfg,qrouka.png,/base/path/qrouka.cfg
./qsww.zip,Galaxian,qsww.cfg,qsww.png,/base/path/qsww.cfg
./qtono1.zip,Galaxian,qtono1.cfg,qtono1.png,/base/path/qtono1.cfg
./qtorimon.zip,Galaxian,qtorimon.cfg,qtorimon.png,/base/path/qtorimon.cfg
./rtype.zip,Galaxian,rtype.cfg,rtype.png,/base/path/rtype.cfg
./rtypeleo.zip,Galaxian,rtypeleo.cfg,rtypeleo.png,/base/path/rtypeleo.cfg
./ribbit.zip,Galaxian,ribbit.cfg,ribbit.png,/base/path/ribbit.cfg
./raccoon.zip,Galaxian,raccoon.cfg,raccoon.png,/base/path/raccoon.cfg
./rachero.zip,Galaxian,rachero.cfg,rachero.png,/base/path/rachero.cfg
./racknrol.zip,Galaxian,racknrol.cfg,racknrol.png,/base/path/racknrol.cfg
./radr.zip,Galaxian,radr.cfg,radr.png,/base/path/radr.cfg
./radrad.zip,Galaxian,radrad.cfg,radrad.png,/base/path/radrad.cfg
./rotd.zip,Galaxian,rotd.cfg,rotd.png,/base/path/rotd.cfg
./raiden.zip,Galaxian,raiden.cfg,raiden.png,/base/path/raiden.cfg
./rdft.zip,Galaxian,rdft.cfg,rdft.png,/base/path/rdft.cfg
./rfjet.zip,Galaxian,rfjet.cfg,rfjet.png,/base/path/rfjet.cfg
./r2dx_v33.zip,Galaxian,r2dx_v33.cfg,r2dx_v33.png,/base/path/r2dx_v33.cfg
./stratof.zip,Galaxian,stratof.cfg,stratof.png,/base/path/stratof.cfg
./rchase.zip,Galaxian,rchase.cfg,rchase.png,/base/path/rchase.cfg
./rbisland.zip,Galaxian,rbisland.cfg,rbisland.png,/base/path/rbisland.cfg
./rallybik.zip,Galaxian,rallybik.cfg,rallybik.png,/base/path/rallybik.cfg
./rampage.zip,Galaxian,rampage.cfg,rampage.png,/base/path/rampage.cfg
./rampart.zip,Galaxian,rampart.cfg,rampart.png,/base/path/rampart.cfg
./rastan.zip,Galaxian,rastan.cfg,rastan.png,/base/path/rastan.cfg
./gunlock.zip,Galaxian,gunlock.cfg,gunlock.png,/base/path/gunlock.cfg
./reactor.zip,Galaxian,reactor.cfg,reactor.png,/base/path/reactor.cfg
./rbff1.zip,Galaxian,rbff1.cfg,rbff1.png,/base/path/rbff1.cfg
./rbffspec.zip,Galaxian,rbffspec.cfg,rbffspec.png,/base/path/rbffspec.cfg
./recordbr.zip,Galaxian,recordbr.cfg,recordbr.png,/base/path/recordbr.cfg
./redclash.zip,Galaxian,redclash.cfg,redclash.png,/base/path/redclash.cfg
./redrobin.zip,Galaxian,redrobin.cfg,redrobin.png,/base/path/redrobin.cfg
./rockduck.zip,Galaxian,rockduck.cfg,rockduck.png,/base/path/rockduck.cfg
./renegade.zip,Galaxian,renegade.cfg,renegade.png,/base/path/renegade.cfg
./rescue.zip,Galaxian,rescue.cfg,rescue.png,/base/path/rescue.cfg
./revngr84.zip,Galaxian,revngr84.cfg,revngr84.png,/base/path/revngr84.cfg
./rezon.zip,Galaxian,rezon.cfg,rezon.png,/base/path/rezon.cfg
./rockn4.zip,Galaxian,rockn4.cfg,rockn4.png,/base/path/rockn4.cfg
./ridingf.zip,Galaxian,ridingf.cfg,ridingf.png,/base/path/ridingf.cfg
./vsgongf.zip,Galaxian,vsgongf.cfg,vsgongf.png,/base/path/vsgongf.cfg
./ringrage.zip,Galaxian,ringrage.cfg,ringrage.png,/base/path/ringrage.cfg
./riotcity.zip,Galaxian,riotcity.cfg,riotcity.png,/base/path/riotcity.cfg
./rpatrol.zip,Galaxian,rpatrol.cfg,rpatrol.png,/base/path/rpatrol.cfg
./roboarmy.zip,Galaxian,roboarmy.cfg,roboarmy.png,/base/path/roboarmy.cfg
./robocop2.zip,Galaxian,robocop2.cfg,robocop2.png,/base/path/robocop2.cfg
./rocnrope.zip,Galaxian,rocnrope.cfg,rocnrope.png,/base/path/rocnrope.cfg
./rocktris.zip,Galaxian,rocktris.cfg,rocktris.png,/base/path/rocktris.cfg
./rockn.zip,Galaxian,rockn.cfg,rockn.png,/base/path/rockn.cfg
./rodland.zip,Galaxian,rodland.cfg,rodland.png,/base/path/rodland.cfg
./rjammer.zip,Galaxian,rjammer.cfg,rjammer.png,/base/path/rjammer.cfg
./rolcrush.zip,Galaxian,rolcrush.cfg,rolcrush.png,/base/path/rolcrush.cfg
./rthun2.zip,Galaxian,rthun2.cfg,rthun2.png,/base/path/rthun2.cfg
./clapapa.zip,Galaxian,clapapa.cfg,clapapa.png,/base/path/clapapa.cfg
./roundup.zip,Galaxian,roundup.cfg,roundup.png,/base/path/roundup.cfg
./wiping.zip,Galaxian,wiping.cfg,wiping.png,/base/path/wiping.cfg
./rygar.zip,Galaxian,rygar.cfg,rygar.png,/base/path/rygar.cfg
./ryukyu.zip,Galaxian,ryukyu.cfg,ryukyu.png,/base/path/ryukyu.cfg
./spy.zip,Galaxian,spy.cfg,spy.png,/base/path/spy.cfg
./ssmissin.zip,Galaxian,ssmissin.cfg,ssmissin.png,/base/path/ssmissin.cfg
./sadari.zip,Galaxian,sadari.cfg,sadari.png,/base/path/sadari.cfg
./stdragon.zip,Galaxian,stdragon.cfg,stdragon.png,/base/path/stdragon.cfg
./samurai.zip,Galaxian,samurai.cfg,samurai.png,/base/path/samurai.cfg
./tsamurai.zip,Galaxian,tsamurai.cfg,tsamurai.png,/base/path/tsamurai.cfg
./samsho2.zip,Galaxian,samsho2.cfg,samsho2.png,/base/path/samsho2.cfg
./samsho4.zip,Galaxian,samsho4.cfg,samsho4.png,/base/path/samsho4.cfg
./samsh5sp.zip,Galaxian,samsh5sp.cfg,samsh5sp.png,/base/path/samsh5sp.cfg
./3kokushi.zip,Galaxian,3kokushi.cfg,3kokushi.png,/base/path/3kokushi.cfg
./sarge.zip,Galaxian,sarge.cfg,sarge.png,/base/path/sarge.cfg
./satansat.zip,Galaxian,satansat.cfg,satansat.png,/base/path/satansat.cfg
./slammast.zip,Galaxian,slammast.cfg,slammast.png,/base/path/slammast.cfg
./sauro.zip,Galaxian,sauro.cfg,sauro.png,/base/path/sauro.cfg
./spacewin.zip,Galaxian,spacewin.cfg,spacewin.png,/base/path/spacewin.cfg
./scion.zip,Galaxian,scion.cfg,scion.png,/base/path/scion.cfg
./scotrsht.zip,Galaxian,scotrsht.cfg,scotrsht.png,/base/path/scotrsht.cfg
./scramble.zip,Galaxian,scramble.cfg,scramble.png,/base/path/scramble.cfg
./scregg.zip,Galaxian,scregg.cfg,scregg.png,/base/path/scregg.cfg
./cscrtry.zip,Galaxian,cscrtry.cfg,cscrtry.png,/base/path/cscrtry.cfg
./stadhr96.zip,Galaxian,stadhr96.cfg,stadhr96.png,/base/path/stadhr96.cfg
./neobattl.zip,Galaxian,neobattl.cfg,neobattl.png,/base/path/neobattl.cfg
./sdgndmps.zip,Galaxian,sdgndmps.cfg,sdgndmps.png,/base/path/sdgndmps.cfg
./sfposeid.zip,Galaxian,sfposeid.cfg,sfposeid.png,/base/path/sfposeid.cfg
./searchp2.zip,Galaxian,searchp2.cfg,searchp2.png,/base/path/searchp2.cfg
./sectionz.zip,Galaxian,sectionz.cfg,sectionz.png,/base/path/sectionz.cfg
./sonicfgt.zip,Galaxian,sonicfgt.cfg,sonicfgt.png,/base/path/sonicfgt.cfg
./seicross.zip,Galaxian,seicross.cfg,seicross.png,/base/path/seicross.cfg
./senknow.zip,Galaxian,senknow.cfg,senknow.png,/base/path/senknow.cfg
./sengoku.zip,Galaxian,sengoku.cfg,sengoku.png,/base/path/sengoku.cfg
./sengoku3.zip,Galaxian,sengoku3.cfg,sengoku3.png,/base/path/sengoku3.cfg
./commsega.zip,Galaxian,commsega.cfg,commsega.png,/base/path/commsega.cfg
./supduck.zip,Galaxian,supduck.cfg,supduck.png,/base/path/supduck.cfg
./shackled.zip,Galaxian,shackled.cfg,shackled.png,/base/path/shackled.cfg
./shadfrce.zip,Galaxian,shadfrce.cfg,shadfrce.png,/base/path/shadfrce.cfg
./shadowld.zip,Galaxian,shadowld.cfg,shadowld.png,/base/path/shadowld.cfg
./shangkid.zip,Galaxian,shangkid.cfg,shangkid.png,/base/path/shangkid.cfg
./sharkatt.zip,Galaxian,sharkatt.cfg,sharkatt.png,/base/path/sharkatt.cfg
./shinobi.zip,Galaxian,shinobi.cfg,shinobi.png,/base/path/shinobi.cfg
./shocktro.zip,Galaxian,shocktro.cfg,shocktro.png,/base/path/shocktro.cfg
./shocking.zip,Galaxian,shocking.cfg,shocking.png,/base/path/shocking.cfg
./shtrider.zip,Galaxian,shtrider.cfg,shtrider.png,/base/path/shtrider.cfg
./showdown.zip,Galaxian,showdown.cfg,showdown.png,/base/path/showdown.cfg
./shuuz.zip,Galaxian,shuuz.cfg,shuuz.png,/base/path/shuuz.cfg
./sidepckt.zip,Galaxian,sidepckt.cfg,sidepckt.png,/base/path/sidepckt.cfg
./silkworm.zip,Galaxian,silkworm.cfg,silkworm.png,/base/path/silkworm.cfg
./sinistar.zip,Galaxian,sinistar.cfg,sinistar.png,/base/path/sinistar.cfg
./skullfng.zip,Galaxian,skullfng.cfg,skullfng.png,/base/path/skullfng.cfg
./skyalert.zip,Galaxian,skyalert.cfg,skyalert.png,/base/path/skyalert.cfg
./skybase.zip,Galaxian,skybase.cfg,skybase.png,/base/path/skybase.cfg
./skyfox.zip,Galaxian,skyfox.cfg,skyfox.png,/base/path/skyfox.cfg
./skykiddx.zip,Galaxian,skykiddx.cfg,skykiddx.png,/base/path/skykiddx.cfg
./skylancr.zip,Galaxian,skylancr.cfg,skylancr.png,/base/path/skylancr.cfg
./skyskipr.zip,Galaxian,skyskipr.cfg,skyskipr.png,/base/path/skyskipr.cfg
./skysoldr.zip,Galaxian,skysoldr.cfg,skysoldr.png,/base/path/skysoldr.cfg
./slapshot.zip,Galaxian,slapshot.cfg,slapshot.png,/base/path/slapshot.cfg
./slither.zip,Galaxian,slither.cfg,slither.png,/base/path/slither.cfg
./snapjack.zip,Galaxian,snapjack.cfg,snapjack.png,/base/path/snapjack.cfg
./svc.zip,Galaxian,svc.cfg,svc.png,/base/path/svc.cfg
./snowbros.zip,Galaxian,snowbros.cfg,snowbros.png,/base/path/snowbros.cfg
./socbrawl.zip,Galaxian,socbrawl.cfg,socbrawl.png,/base/path/socbrawl.cfg
./soldivid.zip,Galaxian,soldivid.cfg,soldivid.png,/base/path/soldivid.cfg
./soldam.zip,Galaxian,soldam.cfg,soldam.png,/base/path/soldam.cfg
./solfigtr.zip,Galaxian,solfigtr.cfg,solfigtr.png,/base/path/solfigtr.cfg
./solomon.zip,Galaxian,solomon.cfg,solomon.png,/base/path/solomon.cfg
./sbm.zip,Galaxian,sbm.cfg,sbm.png,/base/path/sbm.cfg
./sstriker.zip,Galaxian,sstriker.cfg,sstriker.png,/base/path/sstriker.cfg
./kokoroj2.zip,Galaxian,kokoroj2.cfg,kokoroj2.png,/base/path/kokoroj2.cfg
./sbomber.zip,Galaxian,sbomber.cfg,sbomber.png,/base/path/sbomber.cfg
./spacduel.zip,Galaxian,spacduel.cfg,spacduel.png,/base/path/spacduel.cfg
./spacefb.zip,Galaxian,spacefb.cfg,spacefb.png,/base/path/spacefb.cfg
./spacegun.zip,Galaxian,spacegun.cfg,spacegun.png,/base/path/spacegun.cfg
./spcinv95.zip,Galaxian,spcinv95.cfg,spcinv95.png,/base/path/spcinv95.cfg
./spcpostn.zip,Galaxian,spcpostn.cfg,spcpostn.png,/base/path/spcpostn.cfg
./spaceskr.zip,Galaxian,spaceskr.cfg,spaceskr.png,/base/path/spaceskr.cfg
./sparkman.zip,Galaxian,sparkman.cfg,sparkman.png,/base/path/sparkman.cfg
./speakres.zip,Galaxian,speakres.cfg,speakres.png,/base/path/speakres.cfg
./spec2k.zip,Galaxian,spec2k.cfg,spec2k.png,/base/path/spec2k.cfg
./spdball.zip,Galaxian,spdball.cfg,spdball.png,/base/path/spdball.cfg
./speedspn.zip,Galaxian,speedspn.cfg,speedspn.png,/base/path/speedspn.cfg
./spelunk2.zip,Galaxian,spelunk2.cfg,spelunk2.png,/base/path/spelunk2.cfg
./spotty.zip,Galaxian,spotty.cfg,spotty.png,/base/path/spotty.cfg
./spinlbrk.zip,Galaxian,spinlbrk.cfg,spinlbrk.png,/base/path/spinlbrk.cfg
./splatter.zip,Galaxian,splatter.cfg,splatter.png,/base/path/splatter.cfg
./spyhunt.zip,Galaxian,spyhunt.cfg,spyhunt.png,/base/path/spyhunt.cfg
./squaitsa.zip,Galaxian,squaitsa.cfg,squaitsa.png,/base/path/squaitsa.cfg
./stkclmns.zip,Galaxian,stkclmns.cfg,stkclmns.png,/base/path/stkclmns.cfg
./stadhero.zip,Galaxian,stadhero.cfg,stadhero.png,/base/path/stadhero.cfg
./stakwin.zip,Galaxian,stakwin.cfg,stakwin.png,/base/path/stakwin.cfg
./starfigh.zip,Galaxian,starfigh.cfg,starfigh.png,/base/path/starfigh.cfg
./stargrds.zip,Galaxian,stargrds.cfg,stargrds.png,/base/path/stargrds.cfg
./starwars.zip,Galaxian,starwars.cfg,starwars.png,/base/path/starwars.cfg
./stargate.zip,Galaxian,stargate.cfg,stargate.png,/base/path/stargate.cfg
./sgunner.zip,Galaxian,sgunner.cfg,sgunner.png,/base/path/sgunner.cfg
./stinger.zip,Galaxian,stinger.cfg,stinger.png,/base/path/stinger.cfg
./stmblade.zip,Galaxian,stmblade.cfg,stmblade.png,/base/path/stmblade.cfg
./streakng.zip,Galaxian,streakng.cfg,streakng.png,/base/path/streakng.cfg
./sfa2.zip,Galaxian,sfa2.cfg,sfa2.png,/base/path/sfa2.cfg
./sfa.zip,Galaxian,sfa.cfg,sfa.png,/base/path/sfa.cfg
./sf2.zip,Galaxian,sf2.cfg,sf2.png,/base/path/sf2.cfg
./sfiii3.zip,Galaxian,sfiii3.cfg,sfiii3.png,/base/path/sfiii3.cfg
./sfzch.zip,Galaxian,sfzch.cfg,sfzch.png,/base/path/sfzch.cfg
./sftm.zip,Galaxian,sftm.cfg,sftm.png,/base/path/sftm.cfg
./streetsm.zip,Galaxian,streetsm.cfg,streetsm.png,/base/path/streetsm.cfg
./strider.zip,Galaxian,strider.cfg,strider.png,/base/path/strider.cfg
./strkforc.zip,Galaxian,strkforc.cfg,strkforc.png,/base/path/strkforc.cfg
./s1945.zip,Galaxian,s1945.cfg,s1945.png,/base/path/s1945.cfg
./s1945iii.zip,Galaxian,s1945iii.cfg,s1945iii.png,/base/path/s1945iii.cfg
./stuntair.zip,Galaxian,stuntair.cfg,stuntair.png,/base/path/stuntair.cfg
./subroc3d.zip,Galaxian,subroc3d.cfg,subroc3d.png,/base/path/subroc3d.cfg
./sjryuko.zip,Galaxian,sjryuko.cfg,sjryuko.png,/base/path/sjryuko.cfg
./ssriders.zip,Galaxian,ssriders.cfg,ssriders.png,/base/path/ssriders.cfg
./sbagman.zip,Galaxian,sbagman.cfg,sbagman.png,/base/path/sbagman.cfg
./sbishi.zip,Galaxian,sbishi.cfg,sbishi.png,/base/path/sbishi.cfg
./supbtime.zip,Galaxian,supbtime.cfg,supbtime.png,/base/path/supbtime.cfg
./sbasebal.zip,Galaxian,sbasebal.cfg,sbasebal.png,/base/path/sbasebal.cfg
./scobra.zip,Galaxian,scobra.cfg,scobra.png,/base/path/scobra.cfg
./scfinals.zip,Galaxian,scfinals.cfg,scfinals.png,/base/path/scfinals.cfg
./csdtenis.zip,Galaxian,csdtenis.cfg,csdtenis.png,/base/path/csdtenis.cfg
./sgemf.zip,Galaxian,sgemf.cfg,sgemf.png,/base/path/sgemf.cfg
./shangon.zip,Galaxian,shangon.cfg,shangon.png,/base/path/shangon.cfg
./suprleag.zip,Galaxian,suprleag.cfg,suprleag.png,/base/path/suprleag.cfg
./suplup.zip,Galaxian,suplup.cfg,suplup.png,/base/path/suplup.cfg
./sgmast.zip,Galaxian,sgmast.cfg,sgmast.png,/base/path/sgmast.cfg
./smgp.zip,Galaxian,smgp.cfg,smgp.png,/base/path/smgp.cfg
./superpac.zip,Galaxian,superpac.cfg,superpac.png,/base/path/superpac.cfg
./spnchout.zip,Galaxian,spnchout.cfg,spnchout.png,/base/path/spnchout.cfg
./sranger.zip,Galaxian,sranger.cfg,sranger.png,/base/path/sranger.cfg
./srmp4.zip,Galaxian,srmp4.cfg,srmp4.png,/base/path/srmp4.cfg
./sshangha.zip,Galaxian,sshangha.cfg,sshangha.png,/base/path/sshangha.cfg
./ssideki2.zip,Galaxian,ssideki2.cfg,ssideki2.png,/base/path/ssideki2.cfg
./ssi.zip,Galaxian,ssi.cfg,ssi.png,/base/path/ssi.cfg
./macross.zip,Galaxian,macross.cfg,macross.png,/base/path/macross.cfg
./ssrj.zip,Galaxian,ssrj.cfg,ssrj.png,/base/path/ssrj.cfg
./ssf2t.zip,Galaxian,ssf2t.cfg,ssf2t.png,/base/path/ssf2t.cfg
./superten.zip,Galaxian,superten.cfg,superten.png,/base/path/superten.cfg
./sderby.zip,Galaxian,sderby.cfg,sderby.png,/base/path/sderby.cfg
./svf.zip,Galaxian,svf.cfg,svf.png,/base/path/svf.cfg
./svolley.zip,Galaxian,svolley.cfg,svolley.png,/base/path/svolley.cfg
./szaxxon.zip,Galaxian,szaxxon.cfg,szaxxon.png,/base/path/szaxxon.cfg
./ssoldier.zip,Galaxian,ssoldier.cfg,ssoldier.png,/base/path/ssoldier.cfg
./suratk.zip,Galaxian,suratk.cfg,suratk.png,/base/path/suratk.cfg
./gogomile.zip,Galaxian,gogomile.cfg,gogomile.png,/base/path/gogomile.cfg
./suzuk8h2.zip,Galaxian,suzuk8h2.cfg,suzuk8h2.png,/base/path/suzuk8h2.cfg
./swatpolc.zip,Galaxian,swatpolc.cfg,swatpolc.png,/base/path/swatpolc.cfg
./ssozumo.zip,Galaxian,ssozumo.cfg,ssozumo.png,/base/path/ssozumo.cfg
./tacscan.zip,Galaxian,tacscan.cfg,tacscan.png,/base/path/tacscan.cfg
./tactcian.zip,Galaxian,tactcian.cfg,tactcian.png,/base/path/tactcian.cfg
./hotgmck3.zip,Galaxian,hotgmck3.cfg,hotgmck3.png,/base/path/hotgmck3.cfg
./hgkairak.zip,Galaxian,hgkairak.cfg,hgkairak.png,/base/path/hgkairak.cfg
./pwrgoal.zip,Galaxian,pwrgoal.cfg,pwrgoal.png,/base/path/pwrgoal.cfg
./tankbust.zip,Galaxian,tankbust.cfg,tankbust.png,/base/path/tankbust.cfg
./tapper.zip,Galaxian,tapper.cfg,tapper.png,/base/path/tapper.cfg
./tharrier.zip,Galaxian,tharrier.cfg,tharrier.png,/base/path/tharrier.cfg
./taxidriv.zip,Galaxian,taxidriv.cfg,taxidriv.png,/base/path/taxidriv.cfg
./taotaido.zip,Galaxian,taotaido.cfg,taotaido.png,/base/path/taotaido.cfg
./twsoc96.zip,Galaxian,twsoc96.cfg,twsoc96.png,/base/path/twsoc96.cfg
./toypop.zip,Galaxian,toypop.cfg,toypop.png,/base/path/toypop.cfg
./tmnt2.zip,Galaxian,tmnt2.cfg,tmnt2.png,/base/path/tmnt2.cfg
./tekipaki.zip,Galaxian,tekipaki.cfg,tekipaki.png,/base/path/tekipaki.cfg
./tempest.zip,Galaxian,tempest.cfg,tempest.png,/base/path/tempest.cfg
./terracre.zip,Galaxian,terracre.cfg,terracre.png,/base/path/terracre.cfg
./cterrani.zip,Galaxian,cterrani.cfg,cterrani.png,/base/path/cterrani.cfg
./tetris.zip,Galaxian,tetris.cfg,tetris.png,/base/path/tetris.cfg
./tetrsark.zip,Galaxian,tetrsark.cfg,tetrsark.png,/base/path/tetrsark.cfg
./tetrisp.zip,Galaxian,tetrisp.cfg,tetrisp.png,/base/path/tetrisp.cfg
./tgm2.zip,Galaxian,tgm2.cfg,tgm2.png,/base/path/tgm2.cfg
./mrflea.zip,Galaxian,mrflea.cfg,mrflea.png,/base/path/mrflea.cfg
./battroad.zip,Galaxian,battroad.cfg,battroad.png,/base/path/battroad.cfg
./bigprowr.zip,Galaxian,bigprowr.cfg,bigprowr.png,/base/path/bigprowr.cfg
./edrandy.zip,Galaxian,edrandy.cfg,edrandy.png,/base/path/edrandy.cfg
./dealer.zip,Galaxian,dealer.cfg,dealer.png,/base/path/dealer.cfg
./dbldynj.zip,Galaxian,dbldynj.cfg,dbldynj.png,/base/path/dbldynj.cfg
./theend.zip,Galaxian,theend.cfg,theend.png,/base/path/theend.cfg
./daraku.zip,Galaxian,daraku.cfg,daraku.png,/base/path/daraku.cfg
./gametngk.zip,Galaxian,gametngk.cfg,gametngk.png,/base/path/gametngk.cfg
./irrmaze.zip,Galaxian,irrmaze.cfg,irrmaze.png,/base/path/irrmaze.cfg
./kod.zip,Galaxian,kod.cfg,kod.png,/base/path/kod.cfg
./kof95.zip,Galaxian,kof95.cfg,kof95.png,/base/path/kof95.cfg
./kof97.zip,Galaxian,kof97.cfg,kof97.png,/base/path/kof97.cfg
./kof99.zip,Galaxian,kof99.cfg,kof99.png,/base/path/kof99.cfg
./kof2001.zip,Galaxian,kof2001.cfg,kof2001.png,/base/path/kof2001.cfg
./kf2k3pcb.zip,Galaxian,kf2k3pcb.cfg,kf2k3pcb.png,/base/path/kf2k3pcb.cfg
./lastblad.zip,Galaxian,lastblad.cfg,lastblad.png,/base/path/lastblad.cfg
./lastday.zip,Galaxian,lastday.cfg,lastday.png,/base/path/lastday.cfg
./silkroad.zip,Galaxian,silkroad.cfg,silkroad.png,/base/path/silkroad.cfg
./mainevt.zip,Galaxian,mainevt.cfg,mainevt.png,/base/path/mainevt.cfg
./timesup.zip,Galaxian,timesup.cfg,timesup.png,/base/path/timesup.cfg
./tnextspc.zip,Galaxian,tnextspc.cfg,tnextspc.png,/base/path/tnextspc.cfg
./ninjaw.zip,Galaxian,ninjaw.cfg,ninjaw.png,/base/path/ninjaw.cfg
./percuss.zip,Galaxian,percuss.cfg,percuss.png,/base/path/percuss.cfg
./punisher.zip,Galaxian,punisher.cfg,punisher.png,/base/path/punisher.cfg
./roishtar.zip,Galaxian,roishtar.cfg,roishtar.png,/base/path/roishtar.cfg
./srumbler.zip,Galaxian,srumbler.cfg,srumbler.png,/base/path/srumbler.cfg
./3stooges.zip,Galaxian,3stooges.cfg,3stooges.png,/base/path/3stooges.cfg
./ctower.zip,Galaxian,ctower.cfg,ctower.png,/base/path/ctower.cfg
./ssideki4.zip,Galaxian,ssideki4.cfg,ssideki4.png,/base/path/ssideki4.cfg
./thief.zip,Galaxian,thief.cfg,thief.png,/base/path/thief.cfg
./3wonders.zip,Galaxian,3wonders.cfg,3wonders.png,/base/path/3wonders.cfg
./thndrbld.zip,Galaxian,thndrbld.cfg,thndrbld.png,/base/path/thndrbld.cfg
./thunderx.zip,Galaxian,thunderx.cfg,thunderx.png,/base/path/thunderx.cfg
./tdragon.zip,Galaxian,tdragon.cfg,tdragon.png,/base/path/tdragon.cfg
./tfrceac.zip,Galaxian,tfrceac.cfg,tfrceac.png,/base/path/tfrceac.cfg
./theroes.zip,Galaxian,theroes.cfg,theroes.png,/base/path/theroes.cfg
./thndzone.zip,Galaxian,thndzone.cfg,thndzone.png,/base/path/thndzone.cfg
./thunderj.zip,Galaxian,thunderj.cfg,thunderj.png,/base/path/thunderj.cfg
./tigeroad.zip,Galaxian,tigeroad.cfg,tigeroad.png,/base/path/tigeroad.cfg
./timefgtr.zip,Galaxian,timefgtr.cfg,timefgtr.png,/base/path/timefgtr.cfg
./timelimt.zip,Galaxian,timelimt.cfg,timelimt.png,/base/path/timelimt.cfg
./tp84.zip,Galaxian,tp84.cfg,tp84.png,/base/path/tp84.cfg
./timesold.zip,Galaxian,timesold.cfg,timesold.png,/base/path/timesold.cfg
./tinklpit.zip,Galaxian,tinklpit.cfg,tinklpit.png,/base/path/tinklpit.cfg
./titlef.zip,Galaxian,titlef.cfg,titlef.png,/base/path/titlef.cfg
./tokisens.zip,Galaxian,tokisens.cfg,tokisens.png,/base/path/tokisens.cfg
./tomagic.zip,Galaxian,tomagic.cfg,tomagic.png,/base/path/tomagic.cfg
./jackal.zip,Galaxian,jackal.cfg,jackal.png,/base/path/jackal.cfg
./tpgolf.zip,Galaxian,tpgolf.cfg,tpgolf.png,/base/path/tpgolf.cfg
./cskater.zip,Galaxian,cskater.cfg,cskater.png,/base/path/cskater.cfg
./topspeed.zip,Galaxian,topspeed.cfg,topspeed.png,/base/path/topspeed.cfg
./toride2g.zip,Galaxian,toride2g.cfg,toride2g.png,/base/path/toride2g.cfg
./toryumon.zip,Galaxian,toryumon.cfg,toryumon.png,/base/path/toryumon.cfg
./touchgo.zip,Galaxian,touchgo.cfg,touchgo.png,/base/path/touchgo.cfg
./tturf.zip,Galaxian,tturf.cfg,tturf.png,/base/path/tturf.cfg
./cprogolf.zip,Galaxian,cprogolf.cfg,cprogolf.png,/base/path/cprogolf.cfg
./trackfld.zip,Galaxian,trackfld.cfg,trackfld.png,/base/path/trackfld.cfg
./travrusa.zip,Galaxian,travrusa.cfg,travrusa.png,/base/path/travrusa.cfg
./tripool.zip,Galaxian,tripool.cfg,tripool.png,/base/path/tripool.cfg
./tricktrp.zip,Galaxian,tricktrp.cfg,tricktrp.png,/base/path/tricktrp.cfg
./lgtnfght.zip,Galaxian,lgtnfght.cfg,lgtnfght.png,/base/path/lgtnfght.cfg
./tdpgal.zip,Galaxian,tdpgal.cfg,tdpgal.png,/base/path/tdpgal.cfg
./trvmstr.zip,Galaxian,trvmstr.cfg,trvmstr.png,/base/path/trvmstr.cfg
./trojan.zip,Galaxian,trojan.cfg,trojan.png,/base/path/trojan.cfg
./troangel.zip,Galaxian,troangel.cfg,troangel.png,/base/path/troangel.cfg
./truxton2.zip,Galaxian,truxton2.cfg,truxton2.png,/base/path/truxton2.cfg
./tumblep.zip,Galaxian,tumblep.cfg,tumblep.png,/base/path/tumblep.cfg
./turbofrc.zip,Galaxian,turbofrc.cfg,turbofrc.png,/base/path/turbofrc.cfg
./turtles.zip,Galaxian,turtles.cfg,turtles.png,/base/path/turtles.cfg
./tutankhm.zip,Galaxian,tutankhm.cfg,tutankhm.png,/base/path/tutankhm.cfg
./twinadv.zip,Galaxian,twinadv.cfg,twinadv.png,/base/path/twinadv.cfg
./twincobr.zip,Galaxian,twincobr.cfg,twincobr.png,/base/path/twincobr.cfg
./twineagl.zip,Galaxian,twineagl.cfg,twineagl.png,/base/path/twineagl.cfg
./twinhawk.zip,Galaxian,twinhawk.cfg,twinhawk.png,/base/path/twinhawk.cfg
./twinsqua.zip,Galaxian,twinsqua.cfg,twinsqua.png,/base/path/twinsqua.cfg
./twinkle.zip,Galaxian,twinkle.cfg,twinkle.png,/base/path/twinkle.cfg
./twotiger.zip,Galaxian,twotiger.cfg,twotiger.png,/base/path/twotiger.cfg
./tkdensho.zip,Galaxian,tkdensho.cfg,tkdensho.png,/base/path/tkdensho.cfg
./vball.zip,Galaxian,vball.cfg,vball.png,/base/path/vball.cfg
./dangar.zip,Galaxian,dangar.cfg,dangar.png,/base/path/dangar.cfg
./umk3.zip,Galaxian,umk3.cfg,umk3.png,/base/path/umk3.cfg
./uballoon.zip,Galaxian,uballoon.cfg,uballoon.png,/base/path/uballoon.cfg
./ultrax.zip,Galaxian,ultrax.cfg,ultrax.png,/base/path/ultrax.cfg
./umanclub.zip,Galaxian,umanclub.cfg,umanclub.png,/base/path/umanclub.cfg
./undrfire.zip,Galaxian,undrfire.cfg,undrfire.png,/base/path/undrfire.cfg
./uniwars.zip,Galaxian,uniwars.cfg,uniwars.png,/base/path/uniwars.cfg
./unksig.zip,Galaxian,unksig.cfg,unksig.png,/base/path/unksig.cfg
./mustang.zip,Galaxian,mustang.cfg,mustang.png,/base/path/mustang.cfg
./valkyrie.zip,Galaxian,valkyrie.cfg,valkyrie.png,/base/path/valkyrie.cfg
./vamphalf.zip,Galaxian,vamphalf.cfg,vamphalf.png,/base/path/vamphalf.cfg
./vsav.zip,Galaxian,vsav.cfg,vsav.png,/base/path/vsav.cfg
./vandyke.zip,Galaxian,vandyke.cfg,vandyke.png,/base/path/vandyke.cfg
./vangrd2.zip,Galaxian,vangrd2.cfg,vangrd2.png,/base/path/vangrd2.cfg
./vmetal.zip,Galaxian,vmetal.cfg,vmetal.png,/base/path/vmetal.cfg
./vasara.zip,Galaxian,vasara.cfg,vasara.png,/base/path/vasara.cfg
./vastar.zip,Galaxian,vastar.cfg,vastar.png,/base/path/vastar.cfg
./victoryc.zip,Galaxian,victoryc.cfg,victoryc.png,/base/path/victoryc.cfg
./hustler.zip,Galaxian,hustler.cfg,hustler.png,/base/path/hustler.cfg
./viewpoin.zip,Galaxian,viewpoin.cfg,viewpoin.png,/base/path/viewpoin.cfg
./vimana.zip,Galaxian,vimana.cfg,vimana.png,/base/path/vimana.cfg
./vindctr2.zip,Galaxian,vindctr2.cfg,vindctr2.png,/base/path/vindctr2.cfg
./viostorm.zip,Galaxian,viostorm.cfg,viostorm.png,/base/path/viostorm.cfg
./volfied.zip,Galaxian,volfied.cfg,volfied.png,/base/path/volfied.cfg
./vblokbrk.zip,Galaxian,vblokbrk.cfg,vblokbrk.png,/base/path/vblokbrk.cfg
./vscastlevania.zip,Galaxian,vscastlevania.cfg,vscastlevania.png,/base/path/vscastlevania.cfg
./vsfreedomforce.zip,Galaxian,vsfreedomforce.cfg,vsfreedomforce.png,/base/path/vsfreedomforce.cfg
./vsgumshoe.zip,Galaxian,vsgumshoe.cfg,vsgumshoe.png,/base/path/vsgumshoe.cfg
./vsiceclimber.zip,Galaxian,vsiceclimber.cfg,vsiceclimber.png,/base/path/vsiceclimber.cfg
./vsmachrider.zip,Galaxian,vsmachrider.cfg,vsmachrider.png,/base/path/vsmachrider.cfg
./vsplatoon.zip,Galaxian,vsplatoon.cfg,vsplatoon.png,/base/path/vsplatoon.cfg
./vssoccer.zip,Galaxian,vssoccer.cfg,vssoccer.png,/base/path/vssoccer.cfg
./vstetris.zip,Galaxian,vstetris.cfg,vstetris.png,/base/path/vstetris.cfg
./vstopgun.zip,Galaxian,vstopgun.cfg,vstopgun.png,/base/path/vstopgun.cfg
./vsmightybomjack.zip,Galaxian,vsmightybomjack.cfg,vsmightybomjack.png,/base/path/vsmightybomjack.cfg
./vsraidbbay.zip,Galaxian,vsraidbbay.cfg,vsraidbbay.png,/base/path/vsraidbbay.cfg
./vssmb.zip,Galaxian,vssmb.cfg,vssmb.png,/base/path/vssmb.cfg
./vssmgolfla.zip,Galaxian,vssmgolfla.cfg,vssmgolfla.png,/base/path/vssmgolfla.cfg
./vssuperxevious.zip,Galaxian,vssuperxevious.cfg,vssuperxevious.png,/base/path/vssuperxevious.cfg
./vulgus.zip,Galaxian,vulgus.cfg,vulgus.png,/base/path/vulgus.cfg
./wizzquiz.zip,Galaxian,wizzquiz.cfg,wizzquiz.png,/base/path/wizzquiz.cfg
./wwjgtin.zip,Galaxian,wwjgtin.cfg,wwjgtin.png,/base/path/wwjgtin.cfg
./wakuwak7.zip,Galaxian,wakuwak7.cfg,wakuwak7.png,/base/path/wakuwak7.cfg
./soniccar.zip,Galaxian,soniccar.cfg,soniccar.png,/base/path/soniccar.cfg
./wallc.zip,Galaxian,wallc.cfg,wallc.png,/base/path/wallc.cfg
./wanted.zip,Galaxian,wanted.cfg,wanted.png,/base/path/wanted.cfg
./warofbug.zip,Galaxian,warofbug.cfg,warofbug.png,/base/path/warofbug.cfg
./warpwarp.zip,Galaxian,warpwarp.cfg,warpwarp.png,/base/path/warpwarp.cfg
./wof.zip,Galaxian,wof.cfg,wof.png,/base/path/wof.cfg
./watrball.zip,Galaxian,watrball.cfg,watrball.png,/base/path/watrball.cfg
./waterski.zip,Galaxian,waterski.cfg,waterski.png,/base/path/waterski.cfg
./welltris.zip,Galaxian,welltris.cfg,welltris.png,/base/path/welltris.cfg
./twinfalc.zip,Galaxian,twinfalc.cfg,twinfalc.png,/base/path/twinfalc.cfg
./wiggie.zip,Galaxian,wiggie.cfg,wiggie.png,/base/path/wiggie.cfg
./wildplt.zip,Galaxian,wildplt.cfg,wildplt.png,/base/path/wildplt.cfg
./wwestern.zip,Galaxian,wwestern.cfg,wwestern.png,/base/path/wwestern.cfg
./wilytowr.zip,Galaxian,wilytowr.cfg,wilytowr.png,/base/path/wilytowr.cfg
./wingforc.zip,Galaxian,wingforc.cfg,wingforc.png,/base/path/wingforc.cfg
./wizwarz.zip,Galaxian,wizwarz.cfg,wizwarz.png,/base/path/wizwarz.cfg
./wboy.zip,Galaxian,wboy.cfg,wboy.png,/base/path/wboy.cfg
./wbml.zip,Galaxian,wbml.cfg,wbml.png,/base/path/wbml.cfg
./wlstar.zip,Galaxian,wlstar.cfg,wlstar.png,/base/path/wlstar.cfg
./wndrplnt.zip,Galaxian,wndrplnt.cfg,wndrplnt.png,/base/path/wndrplnt.cfg
./worldadv.zip,Galaxian,worldadv.cfg,worldadv.png,/base/path/worldadv.cfg
./wcbowl.zip,Galaxian,wcbowl.cfg,wcbowl.png,/base/path/wcbowl.cfg
./wcvol95.zip,Galaxian,wcvol95.cfg,wcvol95.png,/base/path/wcvol95.cfg
./wh2.zip,Galaxian,wh2.cfg,wh2.png,/base/path/wh2.cfg
./whp.zip,Galaxian,whp.cfg,whp.png,/base/path/whp.cfg
./wrally.zip,Galaxian,wrally.cfg,wrally.png,/base/path/wrally.cfg
./sws.zip,Galaxian,sws.cfg,sws.png,/base/path/sws.cfg
./sws93.zip,Galaxian,sws93.cfg,sws93.png,/base/path/sws93.cfg
./sws96.zip,Galaxian,sws96.cfg,sws96.png,/base/path/sws96.cfg
./worldwar.zip,Galaxian,worldwar.cfg,worldwar.png,/base/path/worldwar.cfg
./wrestwar.zip,Galaxian,wrestwar.cfg,wrestwar.png,/base/path/wrestwar.cfg
./wwfwfest.zip,Galaxian,wwfwfest.cfg,wwfwfest.png,/base/path/wwfwfest.cfg
./wyvernf0.zip,Galaxian,wyvernf0.cfg,wyvernf0.png,/base/path/wyvernf0.cfg
./xmultipl.zip,Galaxian,xmultipl.cfg,xmultipl.png,/base/path/xmultipl.cfg
./xmen.zip,Galaxian,xmen.cfg,xmen.png,/base/path/xmen.cfg
./xmcota.zip,Galaxian,xmcota.cfg,xmcota.png,/base/path/xmcota.cfg
./xenophob.zip,Galaxian,xenophob.cfg,xenophob.png,/base/path/xenophob.cfg
./x2222.zip,Galaxian,x2222.cfg,x2222.png,/base/path/x2222.cfg
./xorworld.zip,Galaxian,xorworld.cfg,xorworld.png,/base/path/xorworld.cfg
./xybots.zip,Galaxian,xybots.cfg,xybots.png,/base/path/xybots.cfg
./yamato.zip,Galaxian,yamato.cfg,yamato.png,/base/path/yamato.cfg
./yiear.zip,Galaxian,yiear.cfg,yiear.png,/base/path/yiear.cfg
./yukon.zip,Galaxian,yukon.cfg,yukon.png,/base/path/yukon.cfg
./zaviga.zip,Galaxian,zaviga.cfg,zaviga.png,/base/path/zaviga.cfg
./zedblade.zip,Galaxian,zedblade.cfg,zedblade.png,/base/path/zedblade.cfg
./zerohour.zip,Galaxian,zerohour.cfg,zerohour.png,/base/path/zerohour.cfg
./zeropnt2.zip,Galaxian,zeropnt2.cfg,zeropnt2.png,/base/path/zeropnt2.cfg
./zerowing.zip,Galaxian,zerowing.cfg,zerowing.png,/base/path/zerowing.cfg
./czeroize.zip,Galaxian,czeroize.cfg,czeroize.png,/base/path/czeroize.cfg
./zipzap.zip,Galaxian,zipzap.cfg,zipzap.png,/base/path/zipzap.cfg
./zodiack.zip,Galaxian,zodiack.cfg,zodiack.png,/base/path/zodiack.cfg
./zookeep.zip,Galaxian,zookeep.cfg,zookeep.png,/base/path/zookeep.cfg
./zupapa.zip,Galaxian,zupapa.cfg,zupapa.png,/base/path/zupapa.cfg
./zzyzzyxx.zip,Galaxian,zzyzzyxx.cfg,zzyzzyxx.png,/base/path/zzyzzyxx.cfg
./galaxian.zip,Galaxian,galaxian.cfg,galaxian.png,/base/path/galaxian.cfg
